state,capital,month,year,AvgTemperature
Hawaii,Honolulu,1,1971,2
Hawaii,Honolulu,2,1971,1.5
Hawaii,Honolulu,3,1971,1.6
Hawaii,Honolulu,4,1971,4
Hawaii,Honolulu,5,1971,6.3
Hawaii,Honolulu,6,1971,9.1
Hawaii,Honolulu,7,1971,12.2
Hawaii,Honolulu,8,1971,12.2
Hawaii,Honolulu,9,1971,8.5
Hawaii,Honolulu,10,1971,5.7
Hawaii,Honolulu,11,1971,1.7
Hawaii,Honolulu,12,1971,3.7
Indiana,Indianapolis,1,1971,2.5
Indiana,Indianapolis,2,1971,1.5
Indiana,Indianapolis,3,1971,2.2
Indiana,Indianapolis,4,1971,4.3
Indiana,Indianapolis,5,1971,7.4
Indiana,Indianapolis,6,1971,9.4
Indiana,Indianapolis,7,1971,13.1
Indiana,Indianapolis,8,1971,12.7
Indiana,Indianapolis,9,1971,9.8
Indiana,Indianapolis,10,1971,7.4
Indiana,Indianapolis,11,1971,3
Indiana,Indianapolis,12,1971,4.6
New york,Albany,1,1971,2.3
New york,Albany,2,1971,2.6
New york,Albany,3,1971,2.8
New york,Albany,4,1971,4.3
New york,Albany,5,1971,7
New york,Albany,6,1971,8.8
New york,Albany,7,1971,12.8
New york,Albany,8,1971,11.8
New york,Albany,9,1971,10.1
New york,Albany,10,1971,8.1
New york,Albany,11,1971,3.7
New york,Albany,12,1971,4.8
South Carolina,columbia,1,1971,3.4
South Carolina,columbia,2,1971,2.1
South Carolina,columbia,3,1971,2.5
South Carolina,columbia,4,1971,5.2
South Carolina,columbia,5,1971,8.4
South Carolina,columbia,6,1971,10.1
South Carolina,columbia,7,1971,13.7
South Carolina,columbia,8,1971,13.7
South Carolina,columbia,9,1971,10.5
South Carolina,columbia,10,1971,8.7
South Carolina,columbia,11,1971,3
South Carolina,columbia,12,1971,4.9
Hawaii,Honolulu,1,1972,1.6
Hawaii,Honolulu,2,1972,1.6
Hawaii,Honolulu,3,1972,2
Hawaii,Honolulu,4,1972,5.1
Hawaii,Honolulu,5,1972,6.8
Hawaii,Honolulu,6,1972,8.1
Hawaii,Honolulu,7,1972,11.4
Hawaii,Honolulu,8,1972,10.9
Hawaii,Honolulu,9,1972,8.1
Hawaii,Honolulu,10,1972,6.5
Hawaii,Honolulu,11,1972,3.2
Hawaii,Honolulu,12,1972,2.6
Indiana,Indianapolis,1,1972,2
Indiana,Indianapolis,2,1972,2.5
Indiana,Indianapolis,3,1972,2.8
Indiana,Indianapolis,4,1972,5.4
Indiana,Indianapolis,5,1972,7.4
Indiana,Indianapolis,6,1972,8.8
Indiana,Indianapolis,7,1972,11.8
Indiana,Indianapolis,8,1972,11.6
Indiana,Indianapolis,9,1972,8.3
Indiana,Indianapolis,10,1972,7.4
Indiana,Indianapolis,11,1972,3.8
Indiana,Indianapolis,12,1972,3.5
New york,Albany,2,1972,1.8
New york,Albany,3,1972,2.5
New york,Albany,4,1972,5.3
New york,Albany,5,1972,6.8
New york,Albany,6,1972,8.7
New york,Albany,7,1972,11.6
New york,Albany,8,1972,11.5
New york,Albany,9,1972,8.5
New york,Albany,10,1972,7
New york,Albany,11,1972,4.5
New york,Albany,12,1972,2.9
South Carolina,columbia,1,1972,2.8
South Carolina,columbia,2,1972,3.6
South Carolina,columbia,3,1972,4.1
South Carolina,columbia,4,1972,6.2
South Carolina,columbia,5,1972,7.9
South Carolina,columbia,6,1972,9.1
South Carolina,columbia,7,1972,12.6
South Carolina,columbia,8,1972,12.1
South Carolina,columbia,9,1972,9.1
South Carolina,columbia,10,1972,8.5
South Carolina,columbia,11,1972,4.1
South Carolina,columbia,12,1972,4.7
Hawaii,Honolulu,1,1973,1.8
Hawaii,Honolulu,2,1973,0.9
Hawaii,Honolulu,3,1973,2
Hawaii,Honolulu,4,1973,3.2
Hawaii,Honolulu,5,1973,7.2
Hawaii,Honolulu,6,1973,9.7
Hawaii,Honolulu,7,1973,11.5
Hawaii,Honolulu,8,1973,11.9
Hawaii,Honolulu,9,1973,10.2
Hawaii,Honolulu,10,1973,5.2
Hawaii,Honolulu,11,1973,1.7
Hawaii,Honolulu,12,1973,1.8
Indiana,Indianapolis,1,1973,2.1
Indiana,Indianapolis,2,1973,1.3
Indiana,Indianapolis,3,1973,2.1
Indiana,Indianapolis,4,1973,4.2
Indiana,Indianapolis,5,1973,8.1
Indiana,Indianapolis,6,1973,10.9
Indiana,Indianapolis,7,1973,12.2
Indiana,Indianapolis,8,1973,12.8
Indiana,Indianapolis,9,1973,11
Indiana,Indianapolis,10,1973,5.5
Indiana,Indianapolis,11,1973,3.2
Indiana,Indianapolis,12,1973,2.3
New york,Albany,1,1973,2.8
New york,Albany,2,1973,2.1
New york,Albany,3,1973,3.6
New york,Albany,4,1973,3.5
New york,Albany,5,1973,7.4
New york,Albany,6,1973,10.8
New york,Albany,7,1973,12.1
New york,Albany,8,1973,12.1
New york,Albany,9,1973,10.5
New york,Albany,10,1973,6
New york,Albany,11,1973,3.6
New york,Albany,12,1973,2.4
South Carolina,columbia,1,1973,2.5
South Carolina,columbia,2,1973,1.6
South Carolina,columbia,3,1973,2.5
South Carolina,columbia,4,1973,4.3
South Carolina,columbia,5,1973,8.4
South Carolina,columbia,6,1973,11.3
South Carolina,columbia,7,1973,12.7
South Carolina,columbia,9,1973,11.8
South Carolina,columbia,10,1973,6.6
South Carolina,columbia,11,1973,4.4
South Carolina,columbia,12,1973,3.2
Hawaii,Honolulu,2,1974,2.7
Hawaii,Honolulu,3,1974,2.6
Hawaii,Honolulu,4,1974,2.9
Hawaii,Honolulu,5,1974,6.1
Hawaii,Honolulu,6,1974,9.5
Hawaii,Honolulu,7,1974,11.1
Hawaii,Honolulu,8,1974,11
Hawaii,Honolulu,9,1974,8.7
Hawaii,Honolulu,10,1974,4.7
Hawaii,Honolulu,12,1974,5.7
Indiana,Indianapolis,1,1974,3.6
Indiana,Indianapolis,2,1974,3.1
Indiana,Indianapolis,3,1974,2.4
Indiana,Indianapolis,4,1974,3.8
Indiana,Indianapolis,5,1974,6.8
Indiana,Indianapolis,6,1974,10.1
Indiana,Indianapolis,7,1974,12.2
Indiana,Indianapolis,8,1974,11.3
Indiana,Indianapolis,9,1974,9.1
Indiana,Indianapolis,10,1974,4.9
Indiana,Indianapolis,11,1974,5
Indiana,Indianapolis,12,1974,5.9
New york,Albany,1,1974,2.9
New york,Albany,2,1974,3.1
New york,Albany,3,1974,2.2
New york,Albany,4,1974,3.6
New york,Albany,5,1974,6.9
New york,Albany,6,1974,9.8
New york,Albany,7,1974,11.7
New york,Albany,8,1974,11.5
New york,Albany,9,1974,8.8
New york,Albany,10,1974,5.3
New york,Albany,11,1974,3.7
New york,Albany,12,1974,5.1
South Carolina,columbia,1,1974,4.7
South Carolina,columbia,2,1974,3.7
South Carolina,columbia,3,1974,3.8
South Carolina,columbia,4,1974,5.3
South Carolina,columbia,5,1974,7.5
South Carolina,columbia,6,1974,10.7
South Carolina,columbia,7,1974,12.5
South Carolina,columbia,8,1974,12.1
South Carolina,columbia,9,1974,10.2
South Carolina,columbia,10,1974,5.6
South Carolina,columbia,11,1974,6.1
South Carolina,columbia,12,1974,6.5
Hawaii,Honolulu,1,1975,3.9
Hawaii,Honolulu,2,1975,1.2
Hawaii,Honolulu,3,1975,2.3
Hawaii,Honolulu,4,1975,4.6
Hawaii,Honolulu,5,1975,5.9
Hawaii,Honolulu,6,1975,8.8
Hawaii,Honolulu,7,1975,12.6
Hawaii,Honolulu,8,1975,13.5
Hawaii,Honolulu,9,1975,9.4
Hawaii,Honolulu,10,1975,6.3
Hawaii,Honolulu,11,1975,2.4
Hawaii,Honolulu,12,1975,1.7
Indiana,Indianapolis,1,1975,4.6
Indiana,Indianapolis,2,1975,1.8
Indiana,Indianapolis,3,1975,2.5
Indiana,Indianapolis,4,1975,5.3
Indiana,Indianapolis,5,1975,6.4
Indiana,Indianapolis,6,1975,9.4
Indiana,Indianapolis,7,1975,13.4
Indiana,Indianapolis,8,1975,14.1
Indiana,Indianapolis,9,1975,9.9
Indiana,Indianapolis,10,1975,6.5
Indiana,Indianapolis,11,1975,2.5
Indiana,Indianapolis,12,1975,1.7
New york,Albany,1,1975,3.8
New york,Albany,2,1975,1.6
New york,Albany,3,1975,1.7
New york,Albany,4,1975,5.1
New york,Albany,5,1975,5.6
New york,Albany,6,1975,9.7
New york,Albany,7,1975,13.2
New york,Albany,8,1975,14.1
New york,Albany,9,1975,9.5
New york,Albany,10,1975,6.5
New york,Albany,11,1975,3.3
New york,Albany,12,1975,3.4
South Carolina,columbia,1,1975,5.2
South Carolina,columbia,2,1975,2.7
South Carolina,columbia,3,1975,3.2
South Carolina,columbia,4,1975,5.2
South Carolina,columbia,5,1975,7.5
South Carolina,columbia,6,1975,10.9
South Carolina,columbia,7,1975,13.8
South Carolina,columbia,8,1975,14.5
South Carolina,columbia,9,1975,10.6
South Carolina,columbia,10,1975,8.1
South Carolina,columbia,11,1975,4.2
South Carolina,columbia,12,1975,2.4
Hawaii,Honolulu,1,1976,3.1
Hawaii,Honolulu,2,1976,1.5
Hawaii,Honolulu,3,1976,0.9
Hawaii,Honolulu,4,1976,3.9
Hawaii,Honolulu,5,1976,7.6
Hawaii,Honolulu,6,1976,11.4
Hawaii,Honolulu,7,1976,12.4
Hawaii,Honolulu,8,1976,10.7
Hawaii,Honolulu,9,1976,9.7
Hawaii,Honolulu,10,1976,8.2
Hawaii,Honolulu,11,1976,3.4
Hawaii,Honolulu,12,1976,-0.4
Indiana,Indianapolis,1,1976,3.4
Indiana,Indianapolis,2,1976,2.3
Indiana,Indianapolis,3,1976,1.7
Indiana,Indianapolis,4,1976,4.1
Indiana,Indianapolis,5,1976,8.3
Indiana,Indianapolis,6,1976,12.6
Indiana,Indianapolis,7,1976,13.2
Indiana,Indianapolis,8,1976,11.4
Indiana,Indianapolis,9,1976,10.5
Indiana,Indianapolis,10,1976,8.3
Indiana,Indianapolis,11,1976,3.4
Indiana,Indianapolis,12,1976,-0.4
New york,Albany,1,1976,3.2
New york,Albany,2,1976,2.1
New york,Albany,3,1976,1.4
New york,Albany,4,1976,4.4
New york,Albany,5,1976,7.9
New york,Albany,6,1976,12
New york,Albany,7,1976,13.2
New york,Albany,8,1976,11.9
New york,Albany,9,1976,9.6
New york,Albany,10,1976,7.5
New york,Albany,11,1976,3.2
New york,Albany,12,1976,0.3
South Carolina,columbia,1,1976,3.8
South Carolina,columbia,2,1976,3.2
South Carolina,columbia,3,1976,2.4
South Carolina,columbia,4,1976,4.4
South Carolina,columbia,5,1976,8.9
South Carolina,columbia,6,1976,13.3
South Carolina,columbia,7,1976,14.9
South Carolina,columbia,8,1976,13.6
South Carolina,columbia,9,1976,11
South Carolina,columbia,10,1976,9.3
South Carolina,columbia,11,1976,4.3
South Carolina,columbia,12,1976,0.7
Hawaii,Honolulu,1,1977,0.6
Hawaii,Honolulu,2,1977,2.6
Hawaii,Honolulu,3,1977,3.6
Hawaii,Honolulu,4,1977,3.3
Hawaii,Honolulu,5,1977,5.5
Hawaii,Honolulu,6,1977,7.3
Hawaii,Honolulu,7,1977,10.2
Hawaii,Honolulu,8,1977,10.1
Hawaii,Honolulu,9,1977,9.3
Hawaii,Honolulu,10,1977,8
Hawaii,Honolulu,11,1977,3.7
Hawaii,Honolulu,12,1977,3.9
California,Sacramento,9,1977,8.1
California,Sacramento,10,1977,9
California,Sacramento,11,1977,4.7
California,Sacramento,12,1977,4.6
Indiana,Indianapolis,1,1977,0.7
Indiana,Indianapolis,2,1977,3.3
Indiana,Indianapolis,3,1977,4.3
Indiana,Indianapolis,4,1977,3.8
Indiana,Indianapolis,5,1977,6.1
Indiana,Indianapolis,6,1977,8.5
Indiana,Indianapolis,7,1977,12
Indiana,Indianapolis,8,1977,12.2
Indiana,Indianapolis,9,1977,10.4
Indiana,Indianapolis,10,1977,8.3
Indiana,Indianapolis,11,1977,3.8
Indiana,Indianapolis,12,1977,3.9
New york,Albany,1,1977,0.4
New york,Albany,2,1977,1.5
New york,Albany,3,1977,3.4
New york,Albany,4,1977,3.6
New york,Albany,5,1977,6.1
New york,Albany,6,1977,8.3
New york,Albany,7,1977,11.9
New york,Albany,8,1977,11.7
New york,Albany,9,1977,9.7
New york,Albany,10,1977,8.4
New york,Albany,11,1977,3.4
New york,Albany,12,1977,3.6
South Carolina,columbia,1,1977,1.8
South Carolina,columbia,3,1977,5.2
South Carolina,columbia,4,1977,4.5
South Carolina,columbia,5,1977,7.5
South Carolina,columbia,6,1977,9.7
South Carolina,columbia,7,1977,13
South Carolina,columbia,8,1977,12.7
South Carolina,columbia,9,1977,10.8
South Carolina,columbia,10,1977,10.2
South Carolina,columbia,11,1977,5
South Carolina,columbia,12,1977,5
Hawaii,Honolulu,1,1978,-0.7
Hawaii,Honolulu,2,1978,0.1
Hawaii,Honolulu,3,1978,3.2
Hawaii,Honolulu,4,1978,2.6
Hawaii,Honolulu,5,1978,6.1
Hawaii,Honolulu,6,1978,9.3
Hawaii,Honolulu,7,1978,10.4
Hawaii,Honolulu,8,1978,11.1
Hawaii,Honolulu,9,1978,10.8
Hawaii,Honolulu,10,1978,8.6
Hawaii,Honolulu,11,1978,5
Hawaii,Honolulu,12,1978,1.6
California,Sacramento,1,1978,2
California,Sacramento,2,1978,0.9
California,Sacramento,3,1978,3.9
California,Sacramento,4,1978,3.7
California,Sacramento,5,1978,7.5
California,Sacramento,6,1978,9.5
California,Sacramento,7,1978,11.8
California,Sacramento,8,1978,11.4
California,Sacramento,9,1978,10.2
California,Sacramento,10,1978,9
California,Sacramento,11,1978,5.7
California,Sacramento,12,1978,3.4
Indiana,Indianapolis,1,1978,0.7
Indiana,Indianapolis,2,1978,0.4
Indiana,Indianapolis,3,1978,3.3
Indiana,Indianapolis,4,1978,3.3
Indiana,Indianapolis,5,1978,7.1
Indiana,Indianapolis,6,1978,9.6
Indiana,Indianapolis,7,1978,11.5
Indiana,Indianapolis,8,1978,11.4
Indiana,Indianapolis,9,1978,10.6
Indiana,Indianapolis,10,1978,8.1
Indiana,Indianapolis,11,1978,5.5
Indiana,Indianapolis,12,1978,2.2
New york,Albany,1,1978,0.7
New york,Albany,2,1978,-0.5
New york,Albany,3,1978,3.3
New york,Albany,4,1978,3
New york,Albany,5,1978,7.1
New york,Albany,6,1978,10
New york,Albany,7,1978,10.9
New york,Albany,8,1978,11.7
New york,Albany,9,1978,11
New york,Albany,10,1978,9.2
New york,Albany,11,1978,6
New york,Albany,12,1978,0.8
South Carolina,columbia,1,1978,1.6
South Carolina,columbia,2,1978,1.2
South Carolina,columbia,3,1978,3.9
South Carolina,columbia,4,1978,4.1
South Carolina,columbia,5,1978,8.2
South Carolina,columbia,6,1978,10.7
South Carolina,columbia,7,1978,12.6
South Carolina,columbia,8,1978,12.3
South Carolina,columbia,9,1978,10.6
South Carolina,columbia,10,1978,9
South Carolina,columbia,11,1978,6.9
South Carolina,columbia,12,1978,3.9
Hawaii,Honolulu,1,1979,-3
Hawaii,Honolulu,2,1979,-1.3
Hawaii,Honolulu,3,1979,1.8
Hawaii,Honolulu,4,1979,4.2
Hawaii,Honolulu,5,1979,6.6
Hawaii,Honolulu,6,1979,9.8
Hawaii,Honolulu,7,1979,11.8
Hawaii,Honolulu,8,1979,11
Hawaii,Honolulu,9,1979,9.6
Hawaii,Honolulu,10,1979,7.2
Hawaii,Honolulu,11,1979,3.2
Hawaii,Honolulu,12,1979,3.3
California,Sacramento,1,1979,-2.9
California,Sacramento,2,1979,-0.4
California,Sacramento,3,1979,2.6
California,Sacramento,4,1979,4.7
California,Sacramento,5,1979,5.9
California,Sacramento,6,1979,9.8
California,Sacramento,7,1979,12.4
California,Sacramento,8,1979,11.2
California,Sacramento,9,1979,9
California,Sacramento,10,1979,8.7
California,Sacramento,11,1979,3.5
California,Sacramento,12,1979,4
Indiana,Indianapolis,1,1979,-3.1
Indiana,Indianapolis,2,1979,-0.9
Indiana,Indianapolis,3,1979,2.1
Indiana,Indianapolis,4,1979,4.8
Indiana,Indianapolis,5,1979,6.8
Indiana,Indianapolis,6,1979,10.7
Indiana,Indianapolis,7,1979,13
Indiana,Indianapolis,8,1979,11.7
Indiana,Indianapolis,9,1979,9.6
Indiana,Indianapolis,10,1979,8
Indiana,Indianapolis,11,1979,3.9
Indiana,Indianapolis,12,1979,3.8
New york,Albany,1,1979,-2.4
New york,Albany,2,1979,-1.2
New york,Albany,3,1979,1.7
New york,Albany,4,1979,4.4
New york,Albany,5,1979,6
New york,Albany,6,1979,10.4
New york,Albany,7,1979,12.2
New york,Albany,8,1979,11.4
New york,Albany,9,1979,9.6
New york,Albany,10,1979,7.8
New york,Albany,11,1979,3.9
New york,Albany,12,1979,3.6
South Carolina,columbia,1,1979,-1.9
South Carolina,columbia,2,1979,-0.2
South Carolina,columbia,3,1979,2.8
South Carolina,columbia,4,1979,5.1
South Carolina,columbia,5,1979,6.8
South Carolina,columbia,6,1979,10.7
South Carolina,columbia,7,1979,13
South Carolina,columbia,8,1979,11.9
South Carolina,columbia,9,1979,10.1
South Carolina,columbia,10,1979,9.5
South Carolina,columbia,11,1979,4.4
South Carolina,columbia,12,1979,4.4
Hawaii,Honolulu,1,1980,-0.2
Hawaii,Honolulu,2,1980,2.6
Hawaii,Honolulu,3,1980,1.8
Hawaii,Honolulu,4,1980,4
Hawaii,Honolulu,5,1980,5.7
Hawaii,Honolulu,6,1980,10.2
Hawaii,Honolulu,7,1980,10.8
Hawaii,Honolulu,8,1980,12.1
Hawaii,Honolulu,9,1980,11.1
Hawaii,Honolulu,10,1980,5.4
Hawaii,Honolulu,11,1980,3.7
Hawaii,Honolulu,12,1980,2.2
California,Sacramento,1,1980,-0.8
California,Sacramento,2,1980,4.4
California,Sacramento,3,1980,2.8
California,Sacramento,4,1980,4.5
California,Sacramento,5,1980,7.4
California,Sacramento,6,1980,10.3
California,Sacramento,7,1980,11.2
California,Sacramento,8,1980,12.6
California,Sacramento,9,1980,11.8
California,Sacramento,10,1980,5.8
California,Sacramento,11,1980,5.1
California,Sacramento,12,1980,3.3
Indiana,Indianapolis,1,1980,-0.3
Indiana,Indianapolis,2,1980,3.2
Indiana,Indianapolis,3,1980,2.3
Indiana,Indianapolis,4,1980,4.9
Indiana,Indianapolis,5,1980,6.3
Indiana,Indianapolis,6,1980,10.7
Indiana,Indianapolis,7,1980,11.2
Indiana,Indianapolis,8,1980,12.8
Indiana,Indianapolis,9,1980,12.2
Indiana,Indianapolis,10,1980,6
Indiana,Indianapolis,11,1980,4.4
Indiana,Indianapolis,12,1980,2.9
New york,Albany,1,1980,0.4
New york,Albany,2,1980,2.9
New york,Albany,3,1980,1.9
New york,Albany,4,1980,5.1
New york,Albany,5,1980,6.1
New york,Albany,6,1980,10.3
New york,Albany,7,1980,11
New york,Albany,8,1980,12
New york,Albany,9,1980,11.4
New york,Albany,10,1980,5.6
New york,Albany,11,1980,4.4
New york,Albany,12,1980,3.2
South Carolina,columbia,1,1980,0.1
South Carolina,columbia,2,1980,4.1
South Carolina,columbia,3,1980,3
South Carolina,columbia,4,1980,6.2
South Carolina,columbia,5,1980,7.7
South Carolina,columbia,6,1980,10.7
South Carolina,columbia,7,1980,12
South Carolina,columbia,8,1980,13.3
South Carolina,columbia,9,1980,12.8
South Carolina,columbia,10,1980,6.6
South Carolina,columbia,11,1980,4.5
South Carolina,columbia,12,1980,3.4
Hawaii,Honolulu,1,1981,1.7
Hawaii,Honolulu,2,1981,-0.2
Hawaii,Honolulu,3,1981,5.6
Hawaii,Honolulu,4,1981,3.8
Hawaii,Honolulu,5,1981,7.4
Hawaii,Honolulu,6,1981,9.7
Hawaii,Honolulu,7,1981,11.7
Hawaii,Honolulu,8,1981,11.9
Hawaii,Honolulu,9,1981,10.6
Hawaii,Honolulu,10,1981,5.5
Hawaii,Honolulu,11,1981,4.5
Hawaii,Honolulu,12,1981,-2.7
California,Sacramento,1,1981,2.6
California,Sacramento,2,1981,0.7
California,Sacramento,3,1981,6.7
California,Sacramento,4,1981,5.3
California,Sacramento,5,1981,7.9
California,Sacramento,6,1981,10.6
California,Sacramento,7,1981,12.7
California,Sacramento,8,1981,12.1
California,Sacramento,9,1981,10.9
California,Sacramento,10,1981,5.5
California,Sacramento,11,1981,5.2
Indiana,Indianapolis,1,1981,2.4
Indiana,Indianapolis,2,1981,0.2
Indiana,Indianapolis,3,1981,6.4
Indiana,Indianapolis,4,1981,4.4
Indiana,Indianapolis,5,1981,8.2
Indiana,Indianapolis,6,1981,10.4
Indiana,Indianapolis,7,1981,12.3
Indiana,Indianapolis,8,1981,12.7
Indiana,Indianapolis,9,1981,11
Indiana,Indianapolis,10,1981,5.7
Indiana,Indianapolis,11,1981,4.9
Indiana,Indianapolis,12,1981,-2
New york,Albany,1,1981,2.1
New york,Albany,2,1981,0.5
New york,Albany,3,1981,4.8
New york,Albany,4,1981,4.2
New york,Albany,5,1981,7.6
New york,Albany,6,1981,9.9
New york,Albany,7,1981,12.2
New york,Albany,8,1981,12.4
New york,Albany,9,1981,10.7
New york,Albany,10,1981,5.2
New york,Albany,11,1981,4.9
New york,Albany,12,1981,-2.3
South Carolina,columbia,1,1981,2.8
South Carolina,columbia,2,1981,0.7
South Carolina,columbia,3,1981,6.6
South Carolina,columbia,5,1981,9
South Carolina,columbia,6,1981,10.6
South Carolina,columbia,7,1981,12.7
South Carolina,columbia,8,1981,13.3
South Carolina,columbia,9,1981,11.4
South Carolina,columbia,10,1981,6.4
South Carolina,columbia,11,1981,5.5
South Carolina,columbia,12,1981,0
Hawaii,Honolulu,1,1982,-1.1
Hawaii,Honolulu,2,1982,1.8
Hawaii,Honolulu,3,1982,2.3
Hawaii,Honolulu,4,1982,3.9
Hawaii,Honolulu,5,1982,6.4
Hawaii,Honolulu,6,1982,11.9
Hawaii,Honolulu,7,1982,12.2
Hawaii,Honolulu,8,1982,12
Hawaii,Honolulu,9,1982,10.3
Hawaii,Honolulu,10,1982,7.5
Hawaii,Honolulu,11,1982,5.6
Hawaii,Honolulu,12,1982,1.1
California,Sacramento,1,1982,0.9
California,Sacramento,2,1982,3.3
California,Sacramento,3,1982,3.2
California,Sacramento,4,1982,4.7
California,Sacramento,5,1982,6.8
California,Sacramento,6,1982,12.2
California,Sacramento,7,1982,13.2
California,Sacramento,8,1982,12.4
California,Sacramento,9,1982,11
California,Sacramento,10,1982,7.9
California,Sacramento,11,1982,6.2
California,Sacramento,12,1982,2.3
Indiana,Indianapolis,1,1982,-0.1
Indiana,Indianapolis,2,1982,2.7
Indiana,Indianapolis,3,1982,2.9
Indiana,Indianapolis,4,1982,4.9
Indiana,Indianapolis,5,1982,7.2
Indiana,Indianapolis,6,1982,12.7
Indiana,Indianapolis,7,1982,12.8
Indiana,Indianapolis,8,1982,12.9
Indiana,Indianapolis,9,1982,10.6
Indiana,Indianapolis,10,1982,7.8
Indiana,Indianapolis,11,1982,6.1
Indiana,Indianapolis,12,1982,1.9
New york,Albany,1,1982,-0.3
New york,Albany,2,1982,2.1
New york,Albany,3,1982,2.8
New york,Albany,4,1982,4.8
New york,Albany,5,1982,6.7
New york,Albany,6,1982,11.2
New york,Albany,7,1982,12.5
New york,Albany,8,1982,12
New york,Albany,9,1982,10.5
New york,Albany,10,1982,7.2
New york,Albany,11,1982,5.4
New york,Albany,12,1982,1.8
South Carolina,columbia,1,1982,2.1
South Carolina,columbia,2,1982,3.3
South Carolina,columbia,3,1982,2.8
South Carolina,columbia,4,1982,5.4
South Carolina,columbia,5,1982,8.3
South Carolina,columbia,6,1982,12.8
South Carolina,columbia,7,1982,13.6
South Carolina,columbia,8,1982,13.2
South Carolina,columbia,9,1982,11.4
South Carolina,columbia,10,1982,8.3
South Carolina,columbia,11,1982,6.9
South Carolina,columbia,12,1982,2.8
Hawaii,Honolulu,1,1983,3.9
Hawaii,Honolulu,2,1983,-1
Hawaii,Honolulu,3,1983,3.2
Hawaii,Honolulu,4,1983,3
Hawaii,Honolulu,7,1983,13.5
Hawaii,Honolulu,8,1983,12.6
Hawaii,Honolulu,9,1983,10.9
Hawaii,Honolulu,10,1983,7.1
Hawaii,Honolulu,11,1983,4.8
Hawaii,Honolulu,12,1983,2.8
California,Sacramento,1,1983,4.4
California,Sacramento,2,1983,0.3
California,Sacramento,3,1983,4.1
California,Sacramento,4,1983,3.5
California,Sacramento,5,1983,7.8
California,Sacramento,6,1983,11.2
California,Sacramento,7,1983,15.1
California,Sacramento,8,1983,13.2
California,Sacramento,9,1983,11
California,Sacramento,10,1983,7.8
California,Sacramento,11,1983,5.9
California,Sacramento,12,1983,3.5
Indiana,Indianapolis,1,1983,4.7
Indiana,Indianapolis,2,1983,-0.7
Indiana,Indianapolis,3,1983,3.3
Indiana,Indianapolis,4,1983,3.7
Indiana,Indianapolis,5,1983,7.8
Indiana,Indianapolis,6,1983,11
Indiana,Indianapolis,7,1983,15.4
Indiana,Indianapolis,8,1983,13.3
Indiana,Indianapolis,9,1983,11.1
Indiana,Indianapolis,10,1983,7.7
Indiana,Indianapolis,11,1983,5.2
Indiana,Indianapolis,12,1983,3.2
New york,Albany,1,1983,4
New york,Albany,2,1983,-0.8
New york,Albany,3,1983,4
New york,Albany,4,1983,3.2
New york,Albany,5,1983,6.4
New york,Albany,6,1983,9.9
New york,Albany,7,1983,14.3
New york,Albany,8,1983,12.6
New york,Albany,9,1983,10.2
New york,Albany,10,1983,7.3
New york,Albany,11,1983,5.5
New york,Albany,12,1983,3.4
South Carolina,columbia,1,1983,5
South Carolina,columbia,2,1983,0.7
South Carolina,columbia,3,1983,3.3
South Carolina,columbia,5,1983,8.3
South Carolina,columbia,6,1983,11.9
South Carolina,columbia,7,1983,16.1
South Carolina,columbia,8,1983,14
South Carolina,columbia,9,1983,11.5
South Carolina,columbia,10,1983,8.4
South Carolina,columbia,11,1983,6.2
South Carolina,columbia,12,1983,4
Hawaii,Honolulu,1,1984,0.6
Hawaii,Honolulu,2,1984,0.6
Hawaii,Honolulu,3,1984,1.9
Hawaii,Honolulu,4,1984,2
Hawaii,Honolulu,5,1984,5.1
Hawaii,Honolulu,6,1984,10
Hawaii,Honolulu,7,1984,11.2
Hawaii,Honolulu,8,1984,12.4
Hawaii,Honolulu,9,1984,10.5
Hawaii,Honolulu,10,1984,7.6
Hawaii,Honolulu,11,1984,5.9
Hawaii,Honolulu,12,1984,2.6
California,Sacramento,1,1984,1.6
California,Sacramento,2,1984,1.8
California,Sacramento,3,1984,2.6
California,Sacramento,4,1984,3.7
California,Sacramento,5,1984,6.8
California,Sacramento,6,1984,10.6
California,Sacramento,7,1984,12.5
California,Sacramento,8,1984,13.8
California,Sacramento,9,1984,11
California,Sacramento,10,1984,8.9
California,Sacramento,11,1984,5.8
California,Sacramento,12,1984,2.6
Indiana,Indianapolis,1,1984,1.5
Indiana,Indianapolis,2,1984,1
Indiana,Indianapolis,3,1984,2.4
Indiana,Indianapolis,4,1984,3.4
Indiana,Indianapolis,5,1984,6
Indiana,Indianapolis,6,1984,10.8
Indiana,Indianapolis,7,1984,12.2
Indiana,Indianapolis,8,1984,13.6
Indiana,Indianapolis,9,1984,11.2
Indiana,Indianapolis,10,1984,8.6
Indiana,Indianapolis,11,1984,6
Indiana,Indianapolis,12,1984,2.7
New york,Albany,1,1984,0.8
New york,Albany,2,1984,0.6
New york,Albany,3,1984,2.2
New york,Albany,4,1984,3.5
New york,Albany,5,1984,5.9
New york,Albany,6,1984,10.5
New york,Albany,7,1984,12
New york,Albany,8,1984,12.6
New york,Albany,9,1984,10.4
New york,Albany,10,1984,7.7
New york,Albany,11,1984,5.7
New york,Albany,12,1984,2.4
South Carolina,columbia,1,1984,2.6
South Carolina,columbia,2,1984,2.4
South Carolina,columbia,3,1984,2.8
South Carolina,columbia,4,1984,4.5
South Carolina,columbia,5,1984,7.3
South Carolina,columbia,6,1984,11.6
South Carolina,columbia,7,1984,12.8
South Carolina,columbia,8,1984,14.1
South Carolina,columbia,9,1984,11.3
South Carolina,columbia,10,1984,9.1
South Carolina,columbia,11,1984,6.3
South Carolina,columbia,12,1984,2.9
Hawaii,Honolulu,1,1985,-2.2
Hawaii,Honolulu,2,1985,-1.9
Hawaii,Honolulu,7,1985,12.4
Hawaii,Honolulu,8,1985,11.2
Hawaii,Honolulu,9,1985,10.6
Hawaii,Honolulu,10,1985,7.3
Hawaii,Honolulu,11,1985,1.1
Hawaii,Honolulu,12,1985,4.8
California,Sacramento,1,1985,-1.5
California,Sacramento,2,1985,0.2
California,Sacramento,3,1985,1.9
California,Sacramento,4,1985,5.6
California,Sacramento,5,1985,7.5
California,Sacramento,6,1985,9.7
California,Sacramento,7,1985,12.5
California,Sacramento,8,1985,12.3
California,Sacramento,9,1985,11
Indiana,Indianapolis,1,1985,-1.9
Indiana,Indianapolis,2,1985,-0.8
Indiana,Indianapolis,3,1985,1.4
Indiana,Indianapolis,4,1985,5.1
Indiana,Indianapolis,5,1985,7.3
Indiana,Indianapolis,6,1985,9
Indiana,Indianapolis,7,1985,12.7
Indiana,Indianapolis,8,1985,12.1
Indiana,Indianapolis,9,1985,11.2
Indiana,Indianapolis,10,1985,7.9
Indiana,Indianapolis,11,1985,1.7
Indiana,Indianapolis,12,1985,5.1
New york,Albany,1,1985,-0.8
New york,Albany,2,1985,-0.3
New york,Albany,3,1985,1.7
New york,Albany,4,1985,4.8
New york,Albany,5,1985,6.8
New york,Albany,6,1985,8.6
New york,Albany,7,1985,12.7
New york,Albany,8,1985,11.3
New york,Albany,9,1985,11
New york,Albany,10,1985,8.7
New york,Albany,11,1985,1.4
New york,Albany,12,1985,4
South Carolina,columbia,1,1985,-1.4
South Carolina,columbia,2,1985,0.3
South Carolina,columbia,3,1985,1.5
South Carolina,columbia,4,1985,5
South Carolina,columbia,5,1985,7.7
South Carolina,columbia,6,1985,9.7
South Carolina,columbia,7,1985,13
South Carolina,columbia,8,1985,12.5
South Carolina,columbia,9,1985,11.5
South Carolina,columbia,10,1985,9.3
South Carolina,columbia,11,1985,2.2
South Carolina,columbia,12,1985,5.6
Hawaii,Honolulu,1,1986,0.8
Hawaii,Honolulu,2,1986,-4
Hawaii,Honolulu,3,1986,1.3
Hawaii,Honolulu,5,1986,7.4
Hawaii,Honolulu,6,1986,9.6
Hawaii,Honolulu,7,1986,12
Hawaii,Honolulu,8,1986,10.4
Hawaii,Honolulu,9,1986,6.5
Hawaii,Honolulu,10,1986,6.4
Hawaii,Honolulu,11,1986,4.4
Hawaii,Honolulu,12,1986,2.7
California,Sacramento,9,1986,7.4
California,Sacramento,10,1986,6.4
California,Sacramento,11,1986,4.3
California,Sacramento,12,1986,3.2
Indiana,Indianapolis,1,1986,1.1
Indiana,Indianapolis,2,1986,-4.1
Indiana,Indianapolis,3,1986,2.1
Indiana,Indianapolis,4,1986,3.1
Indiana,Indianapolis,5,1986,8
Indiana,Indianapolis,6,1986,10.5
Indiana,Indianapolis,7,1986,12.8
Indiana,Indianapolis,8,1986,11
Indiana,Indianapolis,9,1986,7.5
Indiana,Indianapolis,10,1986,7.8
Indiana,Indianapolis,11,1986,5.4
Indiana,Indianapolis,12,1986,3.8
New york,Albany,1,1986,0.6
New york,Albany,2,1986,-3
New york,Albany,3,1986,1.8
New york,Albany,4,1986,2.3
New york,Albany,5,1986,7.5
New york,Albany,6,1986,9.8
New york,Albany,7,1986,11.9
New york,Albany,8,1986,9.7
New york,Albany,9,1986,7.6
New york,Albany,10,1986,7.3
New york,Albany,11,1986,4.7
New york,Albany,12,1986,3.2
South Carolina,columbia,1,1986,1.9
South Carolina,columbia,2,1986,-2.1
South Carolina,columbia,3,1986,2.3
South Carolina,columbia,4,1986,3.3
South Carolina,columbia,5,1986,8.1
South Carolina,columbia,6,1986,11.8
South Carolina,columbia,7,1986,13
South Carolina,columbia,8,1986,11.8
South Carolina,columbia,9,1986,8.2
South Carolina,columbia,10,1986,8.9
South Carolina,columbia,11,1986,5.8
South Carolina,columbia,12,1986,3.9
Hawaii,Honolulu,1,1987,-2.1
Hawaii,Honolulu,4,1987,5.6
Hawaii,Honolulu,5,1987,5.3
Hawaii,Honolulu,6,1987,9.2
Hawaii,Honolulu,7,1987,11.9
Hawaii,Honolulu,8,1987,11.7
Hawaii,Honolulu,9,1987,10.1
Hawaii,Honolulu,10,1987,6.1
Hawaii,Honolulu,11,1987,4
Hawaii,Honolulu,12,1987,3.3
California,Sacramento,1,1987,-0.6
California,Sacramento,2,1987,1.7
California,Sacramento,3,1987,2.3
California,Sacramento,4,1987,6.6
California,Sacramento,5,1987,6.8
California,Sacramento,6,1987,10.3
California,Sacramento,7,1987,12.3
California,Sacramento,8,1987,12.3
California,Sacramento,9,1987,10.5
California,Sacramento,10,1987,6.9
California,Sacramento,11,1987,4.9
California,Sacramento,12,1987,4.5
Indiana,Indianapolis,1,1987,-1.4
Indiana,Indianapolis,2,1987,1
Indiana,Indianapolis,3,1987,1.5
Indiana,Indianapolis,4,1987,6.6
Indiana,Indianapolis,5,1987,6.5
Indiana,Indianapolis,6,1987,10.4
Indiana,Indianapolis,7,1987,12.7
Indiana,Indianapolis,8,1987,12.5
Indiana,Indianapolis,9,1987,10.9
Indiana,Indianapolis,10,1987,6.7
Indiana,Indianapolis,11,1987,4.3
Indiana,Indianapolis,12,1987,3.7
New york,Albany,1,1987,-1.1
New york,Albany,2,1987,1
New york,Albany,3,1987,1.2
New york,Albany,4,1987,6.1
New york,Albany,5,1987,5.9
New york,Albany,6,1987,9
New york,Albany,7,1987,12.2
New york,Albany,8,1987,12.2
New york,Albany,9,1987,9.3
New york,Albany,10,1987,6
New york,Albany,11,1987,4.1
New york,Albany,12,1987,3.8
South Carolina,columbia,1,1987,-0.5
South Carolina,columbia,2,1987,1.9
South Carolina,columbia,3,1987,2.1
South Carolina,columbia,4,1987,6.6
South Carolina,columbia,5,1987,7.7
South Carolina,columbia,6,1987,10.7
South Carolina,columbia,7,1987,13.4
South Carolina,columbia,8,1987,12.7
South Carolina,columbia,9,1987,12
South Carolina,columbia,10,1987,8.2
South Carolina,columbia,11,1987,4.9
South Carolina,columbia,12,1987,4.8
Hawaii,Honolulu,1,1988,2.7
Hawaii,Honolulu,2,1988,2
Hawaii,Honolulu,3,1988,3.1
Hawaii,Honolulu,5,1988,7.5
Hawaii,Honolulu,6,1988,9.9
Hawaii,Honolulu,7,1988,11.7
Hawaii,Honolulu,8,1988,11.4
Hawaii,Honolulu,12,1988,4.9
California,Sacramento,1,1988,3.9
California,Sacramento,2,1988,2
California,Sacramento,3,1988,4.5
California,Sacramento,5,1988,7.9
California,Sacramento,6,1988,11.2
California,Sacramento,7,1988,12.2
California,Sacramento,8,1988,11.6
California,Sacramento,9,1988,10.2
California,Sacramento,10,1988,8.4
California,Sacramento,11,1988,1.9
California,Sacramento,12,1988,5.6
Indiana,Indianapolis,1,1988,3.3
Indiana,Indianapolis,2,1988,2.3
Indiana,Indianapolis,3,1988,3.8
Indiana,Indianapolis,4,1988,4.6
Indiana,Indianapolis,5,1988,7.8
Indiana,Indianapolis,6,1988,10.3
Indiana,Indianapolis,7,1988,11.6
Indiana,Indianapolis,8,1988,11.9
Indiana,Indianapolis,9,1988,10.4
Indiana,Indianapolis,10,1988,8
Indiana,Indianapolis,11,1988,1.6
Indiana,Indianapolis,12,1988,5.4
New york,Albany,1,1988,2.5
New york,Albany,2,1988,2.2
New york,Albany,3,1988,2.8
New york,Albany,4,1988,5
New york,Albany,5,1988,7.1
New york,Albany,6,1988,10.8
New york,Albany,7,1988,11.6
New york,Albany,8,1988,11.7
New york,Albany,9,1988,9.7
New york,Albany,10,1988,7.1
New york,Albany,11,1988,2.6
New york,Albany,12,1988,5.4
South Carolina,columbia,1,1988,4
South Carolina,columbia,2,1988,2.5
South Carolina,columbia,3,1988,4.3
South Carolina,columbia,4,1988,5.1
South Carolina,columbia,5,1988,9.4
South Carolina,columbia,6,1988,11.6
South Carolina,columbia,7,1988,12.3
South Carolina,columbia,8,1988,11.5
South Carolina,columbia,9,1988,10.9
South Carolina,columbia,10,1988,9.3
South Carolina,columbia,11,1988,2.8
South Carolina,columbia,12,1988,5.6
Hawaii,Honolulu,1,1989,3.1
Hawaii,Honolulu,2,1989,2.6
Hawaii,Honolulu,3,1989,4.1
Hawaii,Honolulu,4,1989,3.1
Hawaii,Honolulu,5,1989,7.2
Hawaii,Honolulu,6,1989,9.5
Hawaii,Honolulu,7,1989,13.2
Hawaii,Honolulu,8,1989,12.1
Hawaii,Honolulu,9,1989,11.8
Hawaii,Honolulu,10,1989,9.1
Hawaii,Honolulu,11,1989,2.5
Hawaii,Honolulu,12,1989,3.1
California,Sacramento,1,1989,3.7
California,Sacramento,2,1989,2.9
California,Sacramento,3,1989,4.5
California,Sacramento,4,1989,3
California,Sacramento,5,1989,9.8
California,Sacramento,6,1989,10.6
California,Sacramento,7,1989,14.1
California,Sacramento,8,1989,12.2
California,Sacramento,9,1989,10.9
California,Sacramento,10,1989,8.5
California,Sacramento,11,1989,4.3
California,Sacramento,12,1989,3.3
Indiana,Indianapolis,1,1989,3.6
Indiana,Indianapolis,2,1989,3
Indiana,Indianapolis,3,1989,4.6
Indiana,Indianapolis,4,1989,3.6
Indiana,Indianapolis,5,1989,8.6
Indiana,Indianapolis,6,1989,10.5
Indiana,Indianapolis,7,1989,14
Indiana,Indianapolis,8,1989,12.4
Indiana,Indianapolis,9,1989,11.9
Indiana,Indianapolis,10,1989,8.9
Indiana,Indianapolis,11,1989,3.2
Indiana,Indianapolis,12,1989,3.3
New york,Albany,1,1989,3.9
New york,Albany,2,1989,2.9
New york,Albany,3,1989,3.9
New york,Albany,4,1989,2.7
New york,Albany,5,1989,8.2
New york,Albany,6,1989,10
New york,Albany,7,1989,13.1
New york,Albany,8,1989,12
New york,Albany,9,1989,10.6
New york,Albany,10,1989,8.5
New york,Albany,11,1989,4
New york,Albany,12,1989,2.8
South Carolina,columbia,1,1989,4.1
South Carolina,columbia,2,1989,3.7
South Carolina,columbia,3,1989,5.2
South Carolina,columbia,4,1989,4.2
South Carolina,columbia,5,1989,10.1
South Carolina,columbia,6,1989,11.6
South Carolina,columbia,7,1989,15
South Carolina,columbia,8,1989,13.2
South Carolina,columbia,9,1989,12.3
South Carolina,columbia,10,1989,9.9
South Carolina,columbia,11,1989,4.6
South Carolina,columbia,12,1989,4
Hawaii,Honolulu,1,1990,4
Hawaii,Honolulu,2,1990,4.7
Hawaii,Honolulu,4,1990,3.1
Hawaii,Honolulu,5,1990,6.7
Hawaii,Honolulu,6,1990,9.8
Hawaii,Honolulu,7,1990,11.5
Hawaii,Honolulu,8,1990,13.6
Hawaii,Honolulu,9,1990,8.9
Hawaii,Honolulu,10,1990,9.5
Hawaii,Honolulu,11,1990,4.5
Hawaii,Honolulu,12,1990,2.3
California,Sacramento,1,1990,4
California,Sacramento,2,1990,5.6
California,Sacramento,3,1990,5.1
California,Sacramento,4,1990,3.8
California,Sacramento,5,1990,9.1
California,Sacramento,6,1990,10.8
California,Sacramento,7,1990,12.8
California,Sacramento,10,1990,9.6
California,Sacramento,11,1990,4.2
California,Sacramento,12,1990,2.3
Indiana,Indianapolis,1,1990,4.5
Indiana,Indianapolis,2,1990,5.3
Indiana,Indianapolis,3,1990,5
Indiana,Indianapolis,4,1990,3.3
Indiana,Indianapolis,5,1990,7.8
Indiana,Indianapolis,6,1990,10.7
Indiana,Indianapolis,7,1990,12.2
Indiana,Indianapolis,8,1990,14
Indiana,Indianapolis,9,1990,9.4
Indiana,Indianapolis,10,1990,9.3
Indiana,Indianapolis,11,1990,4.3
Indiana,Indianapolis,12,1990,1.7
New york,Albany,1,1990,3.9
New york,Albany,2,1990,4.4
New york,Albany,3,1990,5.3
New york,Albany,4,1990,3.9
New york,Albany,5,1990,7.7
New york,Albany,6,1990,10.4
New york,Albany,7,1990,11.9
New york,Albany,8,1990,13.8
New york,Albany,9,1990,9.6
New york,Albany,10,1990,8.6
New york,Albany,11,1990,4.9
New york,Albany,12,1990,2.6
South Carolina,columbia,1,1990,5
South Carolina,columbia,2,1990,6.1
South Carolina,columbia,3,1990,5.4
South Carolina,columbia,4,1990,4.8
South Carolina,columbia,5,1990,9.2
South Carolina,columbia,6,1990,11
South Carolina,columbia,7,1990,13.3
South Carolina,columbia,8,1990,14.3
South Carolina,columbia,9,1990,9.9
South Carolina,columbia,10,1990,10.2
South Carolina,columbia,11,1990,5.5
South Carolina,columbia,12,1990,2.8
Hawaii,Honolulu,1,1991,1.2
Hawaii,Honolulu,2,1991,-1.8
Hawaii,Honolulu,3,1991,4.7
Hawaii,Honolulu,4,1991,4
Hawaii,Honolulu,5,1991,6.6
Hawaii,Honolulu,6,1991,8.8
Hawaii,Honolulu,7,1991,13.1
Hawaii,Honolulu,8,1991,12.8
Hawaii,Honolulu,10,1991,6.9
Hawaii,Honolulu,11,1991,4.2
Hawaii,Honolulu,12,1991,1.2
California,Sacramento,1,1991,1.7
California,Sacramento,2,1991,-0.8
California,Sacramento,3,1991,5.5
California,Sacramento,4,1991,5.2
California,Sacramento,5,1991,8.2
California,Sacramento,6,1991,9.4
California,Sacramento,7,1991,13.8
California,Sacramento,8,1991,13.3
California,Sacramento,9,1991,10.8
California,Sacramento,10,1991,7.2
California,Sacramento,11,1991,3.8
California,Sacramento,12,1991,3.1
Indiana,Indianapolis,1,1991,1.2
Indiana,Indianapolis,2,1991,-1.6
Indiana,Indianapolis,3,1991,5.1
Indiana,Indianapolis,4,1991,4.6
Indiana,Indianapolis,5,1991,7.4
Indiana,Indianapolis,6,1991,9
Indiana,Indianapolis,7,1991,13.7
Indiana,Indianapolis,8,1991,13.3
Indiana,Indianapolis,9,1991,10.6
Indiana,Indianapolis,10,1991,7.3
Indiana,Indianapolis,11,1991,4.5
Indiana,Indianapolis,12,1991,1.6
New york,Albany,1,1991,0.1
New york,Albany,2,1991,-0.3
New york,Albany,3,1991,5.2
New york,Albany,4,1991,4.5
New york,Albany,5,1991,7.7
New york,Albany,6,1991,8.5
New york,Albany,7,1991,13.2
New york,Albany,8,1991,12.8
New york,Albany,9,1991,9.8
New york,Albany,10,1991,7.7
New york,Albany,11,1991,3.8
New york,Albany,12,1991,2.6
South Carolina,columbia,1,1991,2.6
South Carolina,columbia,2,1991,-0.6
South Carolina,columbia,3,1991,5.2
South Carolina,columbia,4,1991,5.2
South Carolina,columbia,5,1991,8.1
South Carolina,columbia,6,1991,10
South Carolina,columbia,7,1991,14.1
South Carolina,columbia,8,1991,14.1
South Carolina,columbia,9,1991,11.8
South Carolina,columbia,10,1991,8.3
South Carolina,columbia,11,1991,5
South Carolina,columbia,12,1991,2.7
Hawaii,Honolulu,1,1992,1.4
Hawaii,Honolulu,2,1992,2
Hawaii,Honolulu,3,1992,4.6
Hawaii,Honolulu,4,1992,4.9
Hawaii,Honolulu,5,1992,8.1
Hawaii,Honolulu,6,1992,10.7
Hawaii,Honolulu,7,1992,13.1
Hawaii,Honolulu,8,1992,12.2
Hawaii,Honolulu,9,1992,10
Hawaii,Honolulu,10,1992,5.1
Hawaii,Honolulu,11,1992,4.2
Hawaii,Honolulu,12,1992,0.5
California,Sacramento,1,1992,1.8
California,Sacramento,2,1992,2.6
California,Sacramento,3,1992,4.9
California,Sacramento,4,1992,5.7
California,Sacramento,5,1992,9.5
California,Sacramento,6,1992,11.1
California,Sacramento,7,1992,13.4
California,Sacramento,8,1992,12.4
California,Sacramento,9,1992,10.6
California,Sacramento,10,1992,4.6
California,Sacramento,11,1992,4.4
California,Sacramento,12,1992,2.1
Indiana,Indianapolis,1,1992,1.5
Indiana,Indianapolis,2,1992,2.1
Indiana,Indianapolis,3,1992,4.8
Indiana,Indianapolis,4,1992,5.6
Indiana,Indianapolis,5,1992,9.1
Indiana,Indianapolis,6,1992,11.7
Indiana,Indianapolis,7,1992,13.5
Indiana,Indianapolis,8,1992,12.8
Indiana,Indianapolis,9,1992,10.8
Indiana,Indianapolis,10,1992,5.2
Indiana,Indianapolis,11,1992,4.7
Indiana,Indianapolis,12,1992,1.3
New york,Albany,1,1992,1
New york,Albany,2,1992,2.9
New york,Albany,3,1992,4
New york,Albany,4,1992,5.3
New york,Albany,5,1992,8.6
New york,Albany,6,1992,11.7
New york,Albany,7,1992,12.5
New york,Albany,8,1992,11.3
New york,Albany,9,1992,9.7
New york,Albany,10,1992,4.8
New york,Albany,11,1992,3.8
New york,Albany,12,1992,1.2
South Carolina,columbia,1,1992,1.9
South Carolina,columbia,2,1992,2.7
South Carolina,columbia,4,1992,5.8
South Carolina,columbia,5,1992,10.1
South Carolina,columbia,6,1992,12
South Carolina,columbia,7,1992,14.2
South Carolina,columbia,8,1992,13.8
South Carolina,columbia,9,1992,11.5
South Carolina,columbia,10,1992,5.7
South Carolina,columbia,11,1992,5.8
South Carolina,columbia,12,1992,2.6
Hawaii,Honolulu,1,1993,2.9
Hawaii,Honolulu,2,1993,2.3
Hawaii,Honolulu,3,1993,3.1
Hawaii,Honolulu,4,1993,6.3
Hawaii,Honolulu,5,1993,7.6
Hawaii,Honolulu,6,1993,10.5
Hawaii,Honolulu,7,1993,11.5
Hawaii,Honolulu,8,1993,10.6
Hawaii,Honolulu,9,1993,9.6
Hawaii,Honolulu,10,1993,6.2
Hawaii,Honolulu,11,1993,2.1
Hawaii,Honolulu,12,1993,2.6
California,Sacramento,1,1993,3.6
California,Sacramento,2,1993,3
California,Sacramento,3,1993,3.6
California,Sacramento,4,1993,6.9
California,Sacramento,5,1993,8.4
California,Sacramento,6,1993,11.5
California,Sacramento,7,1993,11.9
California,Sacramento,8,1993,11
California,Sacramento,9,1993,9.1
California,Sacramento,10,1993,5.8
California,Sacramento,11,1993,2.8
California,Sacramento,12,1993,3.6
Indiana,Indianapolis,1,1993,3.5
Indiana,Indianapolis,2,1993,2.4
Indiana,Indianapolis,3,1993,3.9
Indiana,Indianapolis,4,1993,6.6
Indiana,Indianapolis,5,1993,8
Indiana,Indianapolis,6,1993,11.5
Indiana,Indianapolis,7,1993,12.3
Indiana,Indianapolis,8,1993,11.1
Indiana,Indianapolis,9,1993,9.3
Indiana,Indianapolis,10,1993,6
Indiana,Indianapolis,11,1993,2.6
Indiana,Indianapolis,12,1993,3.4
New york,Albany,1,1993,2.3
New york,Albany,2,1993,3
New york,Albany,3,1993,2.3
New york,Albany,4,1993,5.7
New york,Albany,5,1993,7.1
New york,Albany,6,1993,10.2
New york,Albany,7,1993,11.5
New york,Albany,8,1993,10.3
New york,Albany,10,1993,5.4
New york,Albany,11,1993,2.2
New york,Albany,12,1993,2.2
South Carolina,columbia,1,1993,4.4
South Carolina,columbia,2,1993,3.3
South Carolina,columbia,3,1993,3.9
South Carolina,columbia,4,1993,7.1
South Carolina,columbia,5,1993,9.2
South Carolina,columbia,6,1993,12
South Carolina,columbia,7,1993,12.5
South Carolina,columbia,8,1993,11.5
South Carolina,columbia,9,1993,9.9
South Carolina,columbia,10,1993,6.8
South Carolina,columbia,11,1993,2.8
South Carolina,columbia,12,1993,3.9
Hawaii,Honolulu,1,1994,2.3
Hawaii,Honolulu,2,1994,0
Hawaii,Honolulu,3,1994,4.2
Hawaii,Honolulu,4,1994,4.3
Hawaii,Honolulu,5,1994,7.1
Hawaii,Honolulu,6,1994,10.3
Hawaii,Honolulu,7,1994,13.1
Hawaii,Honolulu,8,1994,13
Hawaii,Honolulu,9,1994,10.1
Hawaii,Honolulu,10,1994,7.9
Hawaii,Honolulu,11,1994,7
California,Sacramento,1,1994,3.4
California,Sacramento,2,1994,1.3
California,Sacramento,3,1994,5.4
California,Sacramento,4,1994,5.1
California,Sacramento,5,1994,8.4
California,Sacramento,6,1994,10.7
California,Sacramento,7,1994,13.6
California,Sacramento,8,1994,12.5
California,Sacramento,9,1994,10
California,Sacramento,10,1994,6.7
California,Sacramento,11,1994,8.6
California,Sacramento,12,1994,4.6
Indiana,Indianapolis,1,1994,3.3
Indiana,Indianapolis,2,1994,1.3
Indiana,Indianapolis,3,1994,5.3
Indiana,Indianapolis,4,1994,5.1
Indiana,Indianapolis,5,1994,7.6
Indiana,Indianapolis,6,1994,11
Indiana,Indianapolis,7,1994,13.8
Indiana,Indianapolis,8,1994,13
Indiana,Indianapolis,9,1994,10.4
Indiana,Indianapolis,10,1994,6.9
Indiana,Indianapolis,11,1994,8.4
Indiana,Indianapolis,12,1994,3.9
New york,Albany,1,1994,1.5
New york,Albany,2,1994,-0.6
New york,Albany,3,1994,4.2
New york,Albany,4,1994,4.9
New york,Albany,5,1994,6.5
New york,Albany,6,1994,10.6
New york,Albany,7,1994,12.9
New york,Albany,8,1994,11.8
New york,Albany,9,1994,9.1
New york,Albany,10,1994,6.2
New york,Albany,11,1994,7
New york,Albany,12,1994,3.6
South Carolina,columbia,1,1994,3.4
South Carolina,columbia,2,1994,1.7
South Carolina,columbia,4,1994,5.4
South Carolina,columbia,5,1994,8.8
South Carolina,columbia,6,1994,11.3
South Carolina,columbia,7,1994,14.5
South Carolina,columbia,8,1994,13.8
South Carolina,columbia,9,1994,10.7
South Carolina,columbia,10,1994,7.7
South Carolina,columbia,11,1994,9.4
South Carolina,columbia,12,1994,4.7
Hawaii,Honolulu,2,1995,3.3
Hawaii,Honolulu,3,1995,1.6
Hawaii,Honolulu,4,1995,4.5
Hawaii,Honolulu,5,1995,6.2
Hawaii,Honolulu,6,1995,9.3
Hawaii,Honolulu,7,1995,13.4
Hawaii,Honolulu,8,1995,13.1
Hawaii,Honolulu,9,1995,10.4
Hawaii,Honolulu,10,1995,9.5
Hawaii,Honolulu,11,1995,5
California,Sacramento,1,1995,2.9
California,Sacramento,2,1995,4.5
California,Sacramento,3,1995,2.1
California,Sacramento,4,1995,6
California,Sacramento,5,1995,7.3
California,Sacramento,6,1995,10.8
California,Sacramento,7,1995,14.3
California,Sacramento,8,1995,14.5
California,Sacramento,9,1995,10
California,Sacramento,10,1995,10.5
California,Sacramento,11,1995,5
California,Sacramento,12,1995,1
Indiana,Indianapolis,1,1995,2.2
Indiana,Indianapolis,2,1995,4.4
Indiana,Indianapolis,3,1995,2
Indiana,Indianapolis,4,1995,5.4
Indiana,Indianapolis,5,1995,7.8
Indiana,Indianapolis,6,1995,10.4
Indiana,Indianapolis,7,1995,13.9
Indiana,Indianapolis,8,1995,13.9
Indiana,Indianapolis,9,1995,10.3
Indiana,Indianapolis,10,1995,10.3
Indiana,Indianapolis,11,1995,5.2
Indiana,Indianapolis,12,1995,0.2
New york,Albany,1,1995,1.5
New york,Albany,2,1995,3.4
New york,Albany,3,1995,2
New york,Albany,4,1995,5.1
New york,Albany,5,1995,7.4
New york,Albany,6,1995,9.6
New york,Albany,7,1995,14.1
New york,Albany,8,1995,13.2
New york,Albany,9,1995,10.3
New york,Albany,10,1995,9.3
New york,Albany,11,1995,5.2
New york,Albany,12,1995,0.1
South Carolina,columbia,1,1995,3.1
South Carolina,columbia,2,1995,5.1
South Carolina,columbia,3,1995,2.6
South Carolina,columbia,4,1995,6.3
South Carolina,columbia,5,1995,8.4
South Carolina,columbia,6,1995,11.3
South Carolina,columbia,7,1995,14.9
South Carolina,columbia,8,1995,15.8
South Carolina,columbia,9,1995,11.2
South Carolina,columbia,10,1995,11.4
South Carolina,columbia,11,1995,5.9
South Carolina,columbia,12,1995,2
Hawaii,Honolulu,1,1996,1.7
Hawaii,Honolulu,2,1996,-1
Hawaii,Honolulu,3,1996,1
Hawaii,Honolulu,4,1996,3.8
Hawaii,Honolulu,5,1996,4.3
Hawaii,Honolulu,6,1996,9.4
Hawaii,Honolulu,7,1996,11.7
Hawaii,Honolulu,8,1996,12.6
Hawaii,Honolulu,9,1996,10.1
Hawaii,Honolulu,10,1996,8.2
Hawaii,Honolulu,11,1996,2.7
Hawaii,Honolulu,12,1996,0.3
California,Sacramento,1,1996,3.4
California,Sacramento,2,1996,0.3
California,Sacramento,3,1996,2.9
California,Sacramento,4,1996,5.1
California,Sacramento,5,1996,6
California,Sacramento,7,1996,12.6
California,Sacramento,8,1996,12.4
California,Sacramento,9,1996,10.6
California,Sacramento,10,1996,8.9
California,Sacramento,11,1996,3
California,Sacramento,12,1996,1.4
Indiana,Indianapolis,1,1996,3.1
Indiana,Indianapolis,2,1996,-0.1
Indiana,Indianapolis,3,1996,1.8
Indiana,Indianapolis,4,1996,4.8
Indiana,Indianapolis,5,1996,5.6
Indiana,Indianapolis,6,1996,10.2
Indiana,Indianapolis,7,1996,12.7
Indiana,Indianapolis,8,1996,12.5
Indiana,Indianapolis,9,1996,10.3
Indiana,Indianapolis,10,1996,8.6
Indiana,Indianapolis,11,1996,2.9
Indiana,Indianapolis,12,1996,0.9
New york,Albany,1,1996,2.1
New york,Albany,2,1996,0
New york,Albany,3,1996,1.7
New york,Albany,4,1996,4.7
New york,Albany,5,1996,5.3
New york,Albany,6,1996,9.6
New york,Albany,7,1996,11.9
New york,Albany,8,1996,12.3
New york,Albany,9,1996,9.9
New york,Albany,10,1996,7.9
New york,Albany,11,1996,3.2
New york,Albany,12,1996,0.6
South Carolina,columbia,1,1996,4.4
South Carolina,columbia,2,1996,0.5
South Carolina,columbia,3,1996,2.6
South Carolina,columbia,4,1996,5.5
South Carolina,columbia,5,1996,6.4
South Carolina,columbia,6,1996,10.8
South Carolina,columbia,7,1996,13
South Carolina,columbia,8,1996,13.4
South Carolina,columbia,9,1996,10.6
South Carolina,columbia,10,1996,9.7
South Carolina,columbia,11,1996,3.3
South Carolina,columbia,12,1996,1.8
Hawaii,Honolulu,1,1997,-1.2
Hawaii,Honolulu,2,1997,3.5
Hawaii,Honolulu,3,1997,4.9
Hawaii,Honolulu,4,1997,3.9
Hawaii,Honolulu,5,1997,6.5
Hawaii,Honolulu,6,1997,11
Hawaii,Honolulu,7,1997,11.6
Hawaii,Honolulu,8,1997,14.1
Hawaii,Honolulu,9,1997,10.3
Hawaii,Honolulu,10,1997,5.8
Hawaii,Honolulu,11,1997,5.1
Hawaii,Honolulu,12,1997,3
California,Sacramento,1,1997,-0.1
California,Sacramento,2,1997,3.9
California,Sacramento,3,1997,5
California,Sacramento,4,1997,4.9
California,Sacramento,5,1997,7.8
California,Sacramento,6,1997,11.6
California,Sacramento,7,1997,12.5
California,Sacramento,8,1997,15.5
California,Sacramento,9,1997,10.9
California,Sacramento,10,1997,7.3
California,Sacramento,11,1997,6.1
California,Sacramento,12,1997,3.3
Indiana,Indianapolis,1,1997,-0.2
Indiana,Indianapolis,2,1997,4.2
Indiana,Indianapolis,3,1997,5.5
Indiana,Indianapolis,4,1997,4.9
Indiana,Indianapolis,5,1997,7.4
Indiana,Indianapolis,6,1997,11.3
Indiana,Indianapolis,7,1997,12.9
Indiana,Indianapolis,8,1997,15.7
Indiana,Indianapolis,9,1997,10.7
Indiana,Indianapolis,10,1997,6.6
Indiana,Indianapolis,11,1997,6.1
Indiana,Indianapolis,12,1997,3.6
New york,Albany,1,1997,0.2
New york,Albany,2,1997,3.9
New york,Albany,3,1997,5
New york,Albany,4,1997,5.1
New york,Albany,5,1997,6.7
New york,Albany,6,1997,10.2
New york,Albany,7,1997,12.7
New york,Albany,8,1997,14.1
New york,Albany,9,1997,10.2
New york,Albany,10,1997,6.4
New york,Albany,11,1997,6.1
New york,Albany,12,1997,3.9
South Carolina,columbia,1,1997,0.3
South Carolina,columbia,2,1997,4.1
South Carolina,columbia,3,1997,5.1
South Carolina,columbia,4,1997,5.3
South Carolina,columbia,5,1997,8.4
South Carolina,columbia,6,1997,12.2
South Carolina,columbia,7,1997,13.4
South Carolina,columbia,8,1997,16.2
South Carolina,columbia,9,1997,11.3
South Carolina,columbia,10,1997,8.1
South Carolina,columbia,11,1997,6.2
South Carolina,columbia,12,1997,4.2
Hawaii,Honolulu,1,1998,2.5
Hawaii,Honolulu,2,1998,3.2
Hawaii,Honolulu,3,1998,4.6
Hawaii,Honolulu,4,1998,5.5
Hawaii,Honolulu,5,1998,7.1
Hawaii,Honolulu,6,1998,10.8
Hawaii,Honolulu,7,1998,11.7
Hawaii,Honolulu,8,1998,11.1
Hawaii,Honolulu,9,1998,11.9
Hawaii,Honolulu,10,1998,8.1
Hawaii,Honolulu,11,1998,2.4
Hawaii,Honolulu,12,1998,2.4
California,Sacramento,1,1998,2.7
California,Sacramento,2,1998,3.3
California,Sacramento,3,1998,5.8
California,Sacramento,4,1998,5.5
California,Sacramento,5,1998,10.4
California,Sacramento,6,1998,12
California,Sacramento,7,1998,12.3
California,Sacramento,8,1998,12.4
California,Sacramento,9,1998,11.5
California,Sacramento,11,1998,3.4
California,Sacramento,12,1998,1.9
Indiana,Indianapolis,1,1998,2.9
Indiana,Indianapolis,2,1998,4.1
Indiana,Indianapolis,3,1998,5.4
Indiana,Indianapolis,4,1998,5.1
Indiana,Indianapolis,5,1998,9.1
Indiana,Indianapolis,6,1998,11.5
Indiana,Indianapolis,7,1998,12.4
Indiana,Indianapolis,8,1998,11.9
Indiana,Indianapolis,9,1998,11.8
Indiana,Indianapolis,10,1998,8.2
Indiana,Indianapolis,11,1998,2.2
Indiana,Indianapolis,12,1998,3.2
New york,Albany,1,1998,2.5
New york,Albany,2,1998,5.1
New york,Albany,3,1998,4.8
New york,Albany,4,1998,4.4
New york,Albany,5,1998,8.5
New york,Albany,6,1998,10.5
New york,Albany,7,1998,12.1
New york,Albany,8,1998,11.9
New york,Albany,9,1998,11.1
New york,Albany,10,1998,7.2
New york,Albany,11,1998,3.6
New york,Albany,12,1998,2.4
South Carolina,columbia,1,1998,3.9
South Carolina,columbia,2,1998,3.5
South Carolina,columbia,3,1998,6
South Carolina,columbia,4,1998,5.4
South Carolina,columbia,5,1998,10.5
South Carolina,columbia,6,1998,12
South Carolina,columbia,7,1998,13.1
South Carolina,columbia,8,1998,12.4
South Carolina,columbia,9,1998,12.7
South Carolina,columbia,10,1998,8.9
South Carolina,columbia,11,1998,4.6
South Carolina,columbia,12,1998,4
Hawaii,Honolulu,1,1999,2.4
Hawaii,Honolulu,2,1999,1.8
Hawaii,Honolulu,3,1999,4
Hawaii,Honolulu,4,1999,5.2
Hawaii,Honolulu,5,1999,8.3
Hawaii,Honolulu,6,1999,9.7
Hawaii,Honolulu,7,1999,12.5
Hawaii,Honolulu,8,1999,12.4
Hawaii,Honolulu,9,1999,11.9
Hawaii,Honolulu,10,1999,7.3
Hawaii,Honolulu,11,1999,5.1
Hawaii,Honolulu,12,1999,1.8
California,Sacramento,1,1999,2.3
California,Sacramento,2,1999,2.8
California,Sacramento,3,1999,3.6
California,Sacramento,4,1999,5.7
California,Sacramento,5,1999,9.5
California,Sacramento,6,1999,8.9
California,Sacramento,7,1999,13
California,Sacramento,8,1999,12.7
California,Sacramento,9,1999,10.9
California,Sacramento,10,1999,7.3
California,Sacramento,11,1999,4.5
California,Sacramento,12,1999,2.2
Indiana,Indianapolis,1,1999,3.4
Indiana,Indianapolis,2,1999,2.9
Indiana,Indianapolis,3,1999,4.8
Indiana,Indianapolis,4,1999,6.1
Indiana,Indianapolis,5,1999,9.7
Indiana,Indianapolis,6,1999,10.1
Indiana,Indianapolis,7,1999,13.3
Indiana,Indianapolis,8,1999,12.9
Indiana,Indianapolis,9,1999,12.4
Indiana,Indianapolis,10,1999,7.1
Indiana,Indianapolis,11,1999,5.3
Indiana,Indianapolis,12,1999,1.7
New york,Albany,1,1999,2.7
New york,Albany,2,1999,2.4
New york,Albany,3,1999,4.2
New york,Albany,4,1999,5.8
New york,Albany,5,1999,9
New york,Albany,6,1999,10.2
New york,Albany,7,1999,13.4
New york,Albany,8,1999,12.1
New york,Albany,9,1999,11.5
New york,Albany,10,1999,7.8
New york,Albany,11,1999,5.2
New york,Albany,12,1999,1.9
South Carolina,columbia,1,1999,4.1
South Carolina,columbia,2,1999,3.3
South Carolina,columbia,3,1999,4.2
South Carolina,columbia,4,1999,6.7
South Carolina,columbia,5,1999,10.4
South Carolina,columbia,6,1999,10.9
South Carolina,columbia,7,1999,14
South Carolina,columbia,8,1999,14.1
South Carolina,columbia,9,1999,13.3
South Carolina,columbia,10,1999,8.1
South Carolina,columbia,11,1999,6
South Carolina,columbia,12,1999,3
Hawaii,Honolulu,1,2000,1.8
Hawaii,Honolulu,2,2000,2.8
Hawaii,Honolulu,3,2000,4
Hawaii,Honolulu,4,2000,4.5
Hawaii,Honolulu,5,2000,8.5
Hawaii,Honolulu,6,2000,11.3
Hawaii,Honolulu,7,2000,11.8
Hawaii,Honolulu,8,2000,12.6
Hawaii,Honolulu,9,2000,12.6
Hawaii,Honolulu,10,2000,8
Hawaii,Honolulu,11,2000,3.8
Hawaii,Honolulu,12,2000,3.5
California,Sacramento,1,2000,1.2
California,Sacramento,2,2000,3
California,Sacramento,3,2000,4.1
California,Sacramento,4,2000,4.5
California,Sacramento,5,2000,8.1
California,Sacramento,6,2000,11.2
California,Sacramento,7,2000,12.4
California,Sacramento,10,2000,7.1
California,Sacramento,11,2000,3.2
California,Sacramento,12,2000,4.6
Indiana,Indianapolis,1,2000,2
Indiana,Indianapolis,2,2000,3.8
Indiana,Indianapolis,3,2000,4.2
Indiana,Indianapolis,4,2000,4.8
Indiana,Indianapolis,5,2000,8.6
Indiana,Indianapolis,6,2000,12.2
Indiana,Indianapolis,7,2000,12.3
Indiana,Indianapolis,8,2000,13.3
Indiana,Indianapolis,9,2000,12.1
Indiana,Indianapolis,10,2000,8.2
Indiana,Indianapolis,11,2000,4.8
Indiana,Indianapolis,12,2000,4.2
New york,Albany,1,2000,2.7
New york,Albany,2,2000,3.3
New york,Albany,3,2000,4.2
New york,Albany,4,2000,4.2
New york,Albany,5,2000,7.6
New york,Albany,6,2000,11.2
New york,Albany,7,2000,11.4
New york,Albany,8,2000,12.4
New york,Albany,9,2000,10.8
New york,Albany,10,2000,7.1
New york,Albany,11,2000,4
New york,Albany,12,2000,3.3
South Carolina,columbia,1,2000,2.1
South Carolina,columbia,2,2000,4.3
South Carolina,columbia,3,2000,4.7
Hawaii,Honolulu,1,2001,0.4
Hawaii,Honolulu,2,2001,0.9
Hawaii,Honolulu,3,2001,2
Hawaii,Honolulu,4,2001,3.9
Hawaii,Honolulu,5,2001,7.2
Hawaii,Honolulu,6,2001,9.6
Hawaii,Honolulu,7,2001,13.2
Hawaii,Honolulu,8,2001,13.3
Hawaii,Honolulu,9,2001,10.1
Hawaii,Honolulu,10,2001,10.9
Hawaii,Honolulu,11,2001,4
Hawaii,Honolulu,12,2001,0.4
California,Sacramento,1,2001,1.8
California,Sacramento,2,2001,1.7
California,Sacramento,3,2001,2.8
California,Sacramento,4,2001,4.5
California,Sacramento,5,2001,8.7
California,Sacramento,6,2001,10.2
California,Sacramento,7,2001,13.1
California,Sacramento,8,2001,13.6
California,Sacramento,9,2001,10.5
California,Sacramento,10,2001,11
California,Sacramento,11,2001,4
California,Sacramento,12,2001,1.3
Indiana,Indianapolis,1,2001,1.2
Indiana,Indianapolis,2,2001,2
Indiana,Indianapolis,3,2001,3.1
Indiana,Indianapolis,4,2001,4.8
Indiana,Indianapolis,5,2001,7.9
Indiana,Indianapolis,6,2001,10.6
Indiana,Indianapolis,7,2001,13.4
Indiana,Indianapolis,8,2001,12.9
Indiana,Indianapolis,9,2001,10.5
Indiana,Indianapolis,10,2001,11.1
Indiana,Indianapolis,11,2001,3.9
Indiana,Indianapolis,12,2001,0.2
New york,Albany,1,2001,0.3
New york,Albany,2,2001,0.8
New york,Albany,3,2001,1.6
New york,Albany,4,2001,4
New york,Albany,5,2001,7.7
New york,Albany,6,2001,10.1
New york,Albany,7,2001,13.2
New york,Albany,8,2001,12.8
New york,Albany,9,2001,10.1
New york,Albany,10,2001,10.2
New york,Albany,12,2001,0.9
Hawaii,Honolulu,1,2002,2.6
Hawaii,Honolulu,2,2002,3.7
Hawaii,Honolulu,3,2002,3
Hawaii,Honolulu,4,2002,4.2
Hawaii,Honolulu,5,2002,7.9
Hawaii,Honolulu,6,2002,10.3
Hawaii,Honolulu,7,2002,12.3
Hawaii,Honolulu,8,2002,13.2
Hawaii,Honolulu,9,2002,10
Hawaii,Honolulu,10,2002,6.7
Hawaii,Honolulu,11,2002,5.7
California,Sacramento,1,2002,3.7
California,Sacramento,2,2002,4.6
California,Sacramento,3,2002,5
Indiana,Indianapolis,1,2002,3.4
Indiana,Indianapolis,2,2002,4.4
Indiana,Indianapolis,3,2002,4.6
Indiana,Indianapolis,4,2002,5.2
Indiana,Indianapolis,5,2002,8.4
Indiana,Indianapolis,6,2002,10.3
Indiana,Indianapolis,7,2002,12
Indiana,Indianapolis,8,2002,12.9
Indiana,Indianapolis,9,2002,10
Indiana,Indianapolis,10,2002,7.1
Indiana,Indianapolis,11,2002,6.4
Indiana,Indianapolis,12,2002,4.1
New york,Albany,1,2002,2.5
New york,Albany,2,2002,3.8
New york,Albany,3,2002,4.1
New york,Albany,4,2002,5
New york,Albany,5,2002,8.4
New york,Albany,6,2002,10.9
New york,Albany,7,2002,12
New york,Albany,8,2002,13.4
New york,Albany,9,2002,10.6
New york,Albany,10,2002,6.8
New york,Albany,11,2002,5.5
New york,Albany,12,2002,3.2
Hawaii,Honolulu,1,2003,1.6
Hawaii,Honolulu,2,2003,0.8
Hawaii,Honolulu,3,2003,2.4
Hawaii,Honolulu,4,2003,4.5
Hawaii,Honolulu,5,2003,7.5
Hawaii,Honolulu,6,2003,11.5
Hawaii,Honolulu,7,2003,13.3
Hawaii,Honolulu,8,2003,13.3
Hawaii,Honolulu,9,2003,8.9
Hawaii,Honolulu,10,2003,4.8
Hawaii,Honolulu,11,2003,5.9
Hawaii,Honolulu,12,2003,2.3
California,Sacramento,1,2003,2.3
California,Sacramento,2,2003,1.9
California,Sacramento,3,2003,4.5
California,Sacramento,4,2003,6.2
California,Sacramento,5,2003,8.4
California,Sacramento,6,2003,11.7
California,Sacramento,7,2003,13.8
California,Sacramento,8,2003,14.7
California,Sacramento,9,2003,9.5
California,Sacramento,10,2003,5.7
California,Sacramento,11,2003,6
California,Sacramento,12,2003,3.1
Indiana,Indianapolis,1,2003,1.8
Indiana,Indianapolis,2,2003,0.6
Indiana,Indianapolis,3,2003,2.7
Indiana,Indianapolis,4,2003,4.6
Indiana,Indianapolis,5,2003,8.1
Indiana,Indianapolis,6,2003,11.8
Indiana,Indianapolis,7,2003,13.4
Indiana,Indianapolis,8,2003,13.5
Indiana,Indianapolis,9,2003,8.1
Indiana,Indianapolis,10,2003,3.9
Indiana,Indianapolis,11,2003,5.7
Indiana,Indianapolis,12,2003,1.8
New york,Albany,1,2003,2.5
New york,Albany,2,2003,0
New york,Albany,3,2003,3.1
New york,Albany,4,2003,5.1
New york,Albany,5,2003,8.5
New york,Albany,6,2003,12.1
New york,Albany,7,2003,13.5
New york,Albany,8,2003,13.4
New york,Albany,9,2003,9.6
New york,Albany,10,2003,6
New york,Albany,11,2003,5.1
New york,Albany,12,2003,1.9
Hawaii,Honolulu,1,2004,2.7
Hawaii,Honolulu,2,2004,3.3
Hawaii,Honolulu,3,2004,3.2
Hawaii,Honolulu,4,2004,5.5
Hawaii,Honolulu,5,2004,7.9
Hawaii,Honolulu,6,2004,11.2
Hawaii,Honolulu,7,2004,11.6
Hawaii,Honolulu,8,2004,14.1
Hawaii,Honolulu,9,2004,11.1
Hawaii,Honolulu,10,2004,7.8
Hawaii,Honolulu,11,2004,5.5
Hawaii,Honolulu,12,2004,2.5
California,Sacramento,1,2004,3
California,Sacramento,2,2004,2.9
California,Sacramento,3,2004,3.8
California,Sacramento,4,2004,6.3
California,Sacramento,5,2004,8.8
California,Sacramento,6,2004,12.3
California,Sacramento,7,2004,12.6
California,Sacramento,8,2004,13.7
California,Sacramento,9,2004,11.6
California,Sacramento,10,2004,8.3
California,Sacramento,11,2004,6
California,Sacramento,12,2004,3.5
Indiana,Indianapolis,1,2004,2.7
Indiana,Indianapolis,2,2004,2.9
Indiana,Indianapolis,3,2004,3.4
Indiana,Indianapolis,4,2004,6.2
Indiana,Indianapolis,5,2004,8.6
Indiana,Indianapolis,6,2004,12
Indiana,Indianapolis,7,2004,12.2
Indiana,Indianapolis,8,2004,14.2
Indiana,Indianapolis,9,2004,11.7
Indiana,Indianapolis,10,2004,8.6
Indiana,Indianapolis,11,2004,5.8
Indiana,Indianapolis,12,2004,2.8
New york,Albany,1,2004,3
New york,Albany,2,2004,3
New york,Albany,3,2004,3.6
New york,Albany,4,2004,6.4
New york,Albany,5,2004,8.3
New york,Albany,6,2004,11.8
New york,Albany,7,2004,12.4
New york,Albany,8,2004,13.6
New york,Albany,9,2004,11.3
New york,Albany,10,2004,7.4
New york,Albany,11,2004,5.5
New york,Albany,12,2004,3.2
Hawaii,Honolulu,1,2005,3.1
Hawaii,Honolulu,2,2005,1.9
Hawaii,Honolulu,3,2005,3.8
Hawaii,Honolulu,4,2005,4.3
Hawaii,Honolulu,5,2005,7
Hawaii,Honolulu,6,2005,10.9
Hawaii,Honolulu,7,2005,12.8
Hawaii,Honolulu,8,2005,11.5
Hawaii,Honolulu,9,2005,11.3
Hawaii,Honolulu,10,2005,10.5
Hawaii,Honolulu,11,2005,3
Hawaii,Honolulu,12,2005,1.8
California,Sacramento,1,2005,3.9
California,Sacramento,2,2005,2.4
California,Sacramento,3,2005,4.8
California,Sacramento,4,2005,6.6
California,Sacramento,5,2005,8.3
California,Sacramento,6,2005,12.2
California,Sacramento,7,2005,13.9
California,Sacramento,11,2005,3
California,Sacramento,12,2005,2.4
Indiana,Indianapolis,1,2005,3.8
Indiana,Indianapolis,2,2005,2.1
Indiana,Indianapolis,3,2005,4.7
Indiana,Indianapolis,4,2005,5.7
Indiana,Indianapolis,5,2005,7.6
Indiana,Indianapolis,6,2005,12
Indiana,Indianapolis,7,2005,13.4
Indiana,Indianapolis,8,2005,12.2
Indiana,Indianapolis,9,2005,11.9
Indiana,Indianapolis,10,2005,10.9
Indiana,Indianapolis,11,2005,3.1
Indiana,Indianapolis,12,2005,1.8
New york,Albany,1,2005,3.4
New york,Albany,2,2005,2.1
New york,Albany,3,2005,4.6
New york,Albany,4,2005,4.8
New york,Albany,5,2005,7.3
New york,Albany,6,2005,11.4
New york,Albany,7,2005,13.1
New york,Albany,8,2005,12.2
New york,Albany,9,2005,11.3
New york,Albany,10,2005,10.4
New york,Albany,11,2005,3.4
New york,Albany,12,2005,2.2
Hawaii,Honolulu,1,2006,1.5
Hawaii,Honolulu,2,2006,1.5
Hawaii,Honolulu,3,2006,1.7
Hawaii,Honolulu,4,2006,5.1
Hawaii,Honolulu,5,2006,8.7
Hawaii,Honolulu,6,2006,11.2
Hawaii,Honolulu,7,2006,14.1
Hawaii,Honolulu,8,2006,12.2
Hawaii,Honolulu,9,2006,13.4
Hawaii,Honolulu,10,2006,10.5
Hawaii,Honolulu,11,2006,5.1
Hawaii,Honolulu,12,2006,3.3
California,Sacramento,1,2006,2.9
California,Sacramento,2,2006,2.3
California,Sacramento,3,2006,3.5
California,Sacramento,4,2006,6.2
California,Sacramento,5,2006,8.9
California,Sacramento,6,2006,11.8
California,Sacramento,7,2006,14.5
California,Sacramento,8,2006,13.2
California,Sacramento,9,2006,12.7
California,Sacramento,10,2006,8.8
California,Sacramento,11,2006,3.6
California,Sacramento,12,2006,3.9
Indiana,Indianapolis,1,2006,2.2
Indiana,Indianapolis,2,2006,0.8
Indiana,Indianapolis,3,2006,2
Indiana,Indianapolis,4,2006,5.4
Indiana,Indianapolis,5,2006,9
Indiana,Indianapolis,6,2006,11.7
Indiana,Indianapolis,7,2006,14.9
Indiana,Indianapolis,8,2006,13.1
Indiana,Indianapolis,9,2006,13.5
Indiana,Indianapolis,10,2006,10.6
Indiana,Indianapolis,11,2006,5.1
Indiana,Indianapolis,12,2006,4.3
New york,Albany,1,2006,2.4
New york,Albany,2,2006,1.4
New york,Albany,3,2006,1.5
New york,Albany,4,2006,4.8
New york,Albany,5,2006,7.4
New york,Albany,6,2006,11.8
New york,Albany,7,2006,14.5
New york,Albany,8,2006,12.8
New york,Albany,9,2006,12.6
New york,Albany,10,2006,9.7
New york,Albany,11,2006,5.3
New york,Albany,12,2006,4.2
Hawaii,Honolulu,1,2007,3.8
Hawaii,Honolulu,2,2007,2.3
Hawaii,Honolulu,6,2007,11.1
Hawaii,Honolulu,7,2007,11
Hawaii,Honolulu,8,2007,10.8
Hawaii,Honolulu,9,2007,10
Hawaii,Honolulu,10,2007,7.2
Hawaii,Honolulu,11,2007,3.7
Hawaii,Honolulu,12,2007,1.9
California,Sacramento,1,2007,4.2
California,Sacramento,2,2007,3.7
California,Sacramento,3,2007,4.3
California,Sacramento,9,2007,10.2
California,Sacramento,10,2007,6.7
Indiana,Indianapolis,1,2007,4.8
Indiana,Indianapolis,2,2007,3.7
Indiana,Indianapolis,3,2007,3.7
Indiana,Indianapolis,4,2007,5.6
Indiana,Indianapolis,5,2007,7.1
Indiana,Indianapolis,6,2007,11.3
Indiana,Indianapolis,7,2007,12.2
Indiana,Indianapolis,8,2007,12
Indiana,Indianapolis,9,2007,10.3
Indiana,Indianapolis,10,2007,7.9
Indiana,Indianapolis,11,2007,4.3
Indiana,Indianapolis,12,2007,2.4
New york,Albany,1,2007,4.3
New york,Albany,2,2007,3.6
New york,Albany,3,2007,4.1
New york,Albany,4,2007,7.4
New york,Albany,5,2007,8.2
New york,Albany,6,2007,11.2
New york,Albany,7,2007,12.2
New york,Albany,8,2007,12.2
New york,Albany,9,2007,10.5
New york,Albany,10,2007,8.1
New york,Albany,11,2007,5
New york,Albany,12,2007,2.4
Hawaii,Honolulu,1,2008,3.8
Hawaii,Honolulu,2,2008,0.6
Hawaii,Honolulu,3,2008,3
Hawaii,Honolulu,4,2008,3.8
Hawaii,Honolulu,5,2008,7.9
Hawaii,Honolulu,6,2008,10.4
Hawaii,Honolulu,7,2008,12.4
Hawaii,Honolulu,8,2008,13.3
Hawaii,Honolulu,9,2008,9.6
Hawaii,Honolulu,10,2008,6.1
Hawaii,Honolulu,11,2008,4.7
Hawaii,Honolulu,12,2008,1.4
California,Sacramento,4,2008,4.7
California,Sacramento,5,2008,9.9
California,Sacramento,6,2008,10.5
California,Sacramento,7,2008,12.6
California,Sacramento,8,2008,13.1
California,Sacramento,9,2008,10.1
California,Sacramento,10,2008,6.1
California,Sacramento,11,2008,5.8
California,Sacramento,12,2008,0.6
Indiana,Indianapolis,1,2008,4.7
Indiana,Indianapolis,2,2008,1.7
Indiana,Indianapolis,3,2008,3.5
Indiana,Indianapolis,6,2008,11.1
Indiana,Indianapolis,7,2008,12.8
Indiana,Indianapolis,8,2008,13.9
Indiana,Indianapolis,9,2008,10.2
Indiana,Indianapolis,10,2008,5.7
Indiana,Indianapolis,11,2008,4.8
Indiana,Indianapolis,12,2008,1.3
New york,Albany,1,2008,3.9
New york,Albany,2,2008,1.4
New york,Albany,3,2008,2.7
New york,Albany,4,2008,4.4
New york,Albany,5,2008,8.6
New york,Albany,6,2008,10.7
New york,Albany,7,2008,13
New york,Albany,8,2008,13.4
New york,Albany,10,2008,7.2
New york,Albany,11,2008,4.9
New york,Albany,12,2008,2.2
Hawaii,Honolulu,1,2009,0.2
Hawaii,Honolulu,2,2009,1.8
Hawaii,Honolulu,3,2009,2.8
Hawaii,Honolulu,4,2009,5.4
Hawaii,Honolulu,5,2009,7.7
Hawaii,Honolulu,6,2009,10.2
Hawaii,Honolulu,7,2009,12.1
Hawaii,Honolulu,8,2009,13.1
Hawaii,Honolulu,9,2009,10.5
Hawaii,Honolulu,10,2009,8.3
Hawaii,Honolulu,11,2009,6.5
Hawaii,Honolulu,12,2009,0.6
California,Sacramento,1,2009,0.4
California,Sacramento,2,2009,1.9
California,Sacramento,3,2009,2.6
California,Sacramento,4,2009,5.9
California,Sacramento,5,2009,8.5
California,Sacramento,6,2009,11.5
California,Sacramento,7,2009,13.1
California,Sacramento,8,2009,13
California,Sacramento,9,2009,10.6
California,Sacramento,10,2009,8.6
California,Sacramento,11,2009,6.5
California,Sacramento,12,2009,0.4
Indiana,Indianapolis,1,2009,0.2
Indiana,Indianapolis,2,2009,2
Indiana,Indianapolis,3,2009,3.2
Indiana,Indianapolis,4,2009,6.1
Indiana,Indianapolis,5,2009,8.3
Indiana,Indianapolis,6,2009,10.7
Indiana,Indianapolis,7,2009,13.1
Indiana,Indianapolis,8,2009,13.3
Indiana,Indianapolis,9,2009,10.6
Indiana,Indianapolis,10,2009,8.4
Indiana,Indianapolis,11,2009,7
Indiana,Indianapolis,12,2009,0.8
New york,Albany,1,2009,1.3
New york,Albany,2,2009,2.3
New york,Albany,3,2009,4
New york,Albany,4,2009,6
New york,Albany,5,2009,8
New york,Albany,6,2009,10.9
New york,Albany,7,2009,12.6
New york,Albany,8,2009,13.3
New york,Albany,9,2009,10.9
New york,Albany,10,2009,8.5
New york,Albany,11,2009,5.8
New york,Albany,12,2009,1.3
Hawaii,Honolulu,1,2010,-0.4
Hawaii,Honolulu,2,2010,0.4
Hawaii,Honolulu,3,2010,2.8
Hawaii,Honolulu,4,2010,3.7
Hawaii,Honolulu,5,2010,5.9
Hawaii,Honolulu,6,2010,10
Hawaii,Honolulu,7,2010,13.8
Hawaii,Honolulu,8,2010,12.2
Hawaii,Honolulu,9,2010,10.5
Hawaii,Honolulu,10,2010,7.7
Hawaii,Honolulu,11,2010,3
Hawaii,Honolulu,12,2010,-2.7
California,Sacramento,1,2010,-1.1
California,Sacramento,2,2010,0.8
California,Sacramento,3,2010,2.8
California,Sacramento,4,2010,5
California,Sacramento,5,2010,7.5
California,Sacramento,6,2010,11.1
California,Sacramento,7,2010,13.7
California,Sacramento,8,2010,12
California,Sacramento,11,2010,2.7
California,Sacramento,12,2010,-3.4
Indiana,Indianapolis,1,2010,-1
Indiana,Indianapolis,2,2010,1.3
Indiana,Indianapolis,3,2010,3.2
Indiana,Indianapolis,4,2010,4.9
Indiana,Indianapolis,5,2010,7.3
Indiana,Indianapolis,6,2010,11.1
Indiana,Indianapolis,7,2010,14.2
Indiana,Indianapolis,8,2010,12.1
Indiana,Indianapolis,9,2010,10.3
Indiana,Indianapolis,10,2010,7.4
Indiana,Indianapolis,11,2010,2.9
Indiana,Indianapolis,12,2010,-2.2
New york,Albany,1,2010,0.1
New york,Albany,2,2010,0.2
New york,Albany,3,2010,3
New york,Albany,4,2010,5.1
New york,Albany,5,2010,7.1
New york,Albany,6,2010,11
New york,Albany,7,2010,13.5
New york,Albany,8,2010,11.7
New york,Albany,9,2010,10.8
New york,Albany,10,2010,7.3
New york,Albany,11,2010,3
New york,Albany,12,2010,-1.9
Hawaii,Honolulu,1,2011,2.2
Hawaii,Honolulu,2,2011,4
Hawaii,Honolulu,3,2011,2.7
Hawaii,Honolulu,4,2011,6.5
Hawaii,Honolulu,5,2011,7.8
Hawaii,Honolulu,6,2011,9.9
Hawaii,Honolulu,7,2011,10.9
Hawaii,Honolulu,8,2011,11.9
Hawaii,Honolulu,9,2011,11.3
Hawaii,Honolulu,10,2011,9.3
Hawaii,Honolulu,11,2011,6.6
Hawaii,Honolulu,12,2011,3.2
California,Sacramento,1,2011,1.6
California,Sacramento,2,2011,4.7
California,Sacramento,3,2011,3.8
California,Sacramento,4,2011,8
California,Sacramento,5,2011,9
California,Sacramento,6,2011,10.3
California,Sacramento,7,2011,11.8
California,Sacramento,8,2011,12
California,Sacramento,9,2011,12.1
California,Sacramento,10,2011,9.9
California,Sacramento,11,2011,7.7
California,Sacramento,12,2011,3.7
Indiana,Indianapolis,1,2011,1.9
Indiana,Indianapolis,2,2011,4.4
Indiana,Indianapolis,4,2011,7.3
Indiana,Indianapolis,5,2011,8.4
Indiana,Indianapolis,6,2011,10.2
Indiana,Indianapolis,7,2011,10.2
Indiana,Indianapolis,8,2011,11.4
Indiana,Indianapolis,9,2011,10.7
Indiana,Indianapolis,11,2011,6.3
Indiana,Indianapolis,12,2011,3.1
New york,Albany,1,2011,1.9
New york,Albany,2,2011,4.2
New york,Albany,3,2011,3.4
New york,Albany,4,2011,7.5
New york,Albany,5,2011,8.4
New york,Albany,6,2011,10
New york,Albany,7,2011,11.5
New york,Albany,8,2011,12.2
New york,Albany,9,2011,11.6
New york,Albany,10,2011,9.2
New york,Albany,11,2011,7.1
New york,Albany,12,2011,3.6
Hawaii,Honolulu,1,2012,2.8
Hawaii,Honolulu,2,2012,0.1
Hawaii,Honolulu,3,2012,2.6
Hawaii,Honolulu,4,2012,3.9
Hawaii,Honolulu,5,2012,7.9
Hawaii,Honolulu,6,2012,10.4
Hawaii,Honolulu,7,2012,12
Hawaii,Honolulu,8,2012,12.9
Hawaii,Honolulu,9,2012,8.9
Hawaii,Honolulu,10,2012,6.9
Hawaii,Honolulu,11,2012,4
Hawaii,Honolulu,12,2012,2.1
California,Sacramento,1,2012,3.8
California,Sacramento,2,2012,1.7
California,Sacramento,3,2012,4.6
California,Sacramento,4,2012,4.4
California,Sacramento,5,2012,8.5
California,Sacramento,6,2012,11.6
California,Sacramento,7,2012,11.9
California,Sacramento,8,2012,13.8
California,Sacramento,9,2012,9.2
California,Sacramento,10,2012,7
California,Sacramento,11,2012,4
California,Sacramento,12,2012,2.5
Indiana,Indianapolis,1,2012,3.6
Indiana,Indianapolis,2,2012,1.2
Indiana,Indianapolis,3,2012,3.6
Indiana,Indianapolis,4,2012,4.6
Indiana,Indianapolis,5,2012,9.7
Indiana,Indianapolis,6,2012,11.6
Indiana,Indianapolis,10,2012,7.1
Indiana,Indianapolis,11,2012,4.2
Indiana,Indianapolis,12,2012,2.6
New york,Albany,1,2012,2.9
New york,Albany,2,2012,2.3
New york,Albany,3,2012,4.7
New york,Albany,4,2012,3.9
New york,Albany,5,2012,7.6
New york,Albany,6,2012,10.3
New york,Albany,7,2012,12.3
New york,Albany,8,2012,12.5
New york,Albany,9,2012,9.7
New york,Albany,10,2012,6.1
New york,Albany,11,2012,3.8
New york,Albany,12,2012,2.3
Hawaii,Honolulu,1,2013,0.5
Hawaii,Honolulu,2,2013,0.6
Hawaii,Honolulu,3,2013,0.1
Hawaii,Honolulu,4,2013,3.4
Hawaii,Honolulu,5,2013,6.1
Hawaii,Honolulu,6,2013,9.7
Hawaii,Honolulu,7,2013,12.8
Hawaii,Honolulu,8,2013,13
Hawaii,Honolulu,9,2013,10
Hawaii,Honolulu,10,2013,9.8
Hawaii,Honolulu,11,2013,3.7
Hawaii,Honolulu,12,2013,3.1
California,Sacramento,1,2013,2.4
California,Sacramento,2,2013,1.3
California,Sacramento,3,2013,1.1
California,Sacramento,4,2013,4.1
California,Sacramento,5,2013,6.8
California,Sacramento,6,2013,10.9
California,Sacramento,7,2013,14.5
California,Sacramento,8,2013,12.9
California,Sacramento,9,2013,10.9
California,Sacramento,10,2013,10.2
California,Sacramento,11,2013,3.1
California,Sacramento,12,2013,3.3
Indiana,Indianapolis,1,2013,1.9
Indiana,Indianapolis,2,2013,0.9
Indiana,Indianapolis,3,2013,0.2
Indiana,Indianapolis,4,2013,3.9
Indiana,Indianapolis,5,2013,6.7
Indiana,Indianapolis,6,2013,10.2
Indiana,Indianapolis,7,2013,13.9
Indiana,Indianapolis,8,2013,13.1
Indiana,Indianapolis,9,2013,9.9
Indiana,Indianapolis,10,2013,9.9
Indiana,Indianapolis,11,2013,3.8
Indiana,Indianapolis,12,2013,3.6
New york,Albany,1,2013,1.7
New york,Albany,2,2013,0.6
New york,Albany,3,2013,-0.2
New york,Albany,4,2013,4
New york,Albany,5,2013,6.9
New york,Albany,6,2013,10.1
New york,Albany,7,2013,13.7
New york,Albany,8,2013,13.1
New york,Albany,9,2013,10.2
New york,Albany,10,2013,9.6
New york,Albany,11,2013,3.9
New york,Albany,12,2013,3.9
Hawaii,Honolulu,1,2014,3.1
Hawaii,Honolulu,2,2014,3.8
Hawaii,Honolulu,3,2014,3.4
Hawaii,Honolulu,4,2014,6.3
Hawaii,Honolulu,5,2014,8.7
Hawaii,Honolulu,6,2014,10.7
Hawaii,Honolulu,7,2014,13.5
Hawaii,Honolulu,8,2014,11.8
Hawaii,Honolulu,9,2014,11
Hawaii,Honolulu,10,2014,9.9
Hawaii,Honolulu,11,2014,5.8
Hawaii,Honolulu,12,2014,2.8
California,Sacramento,1,2014,3.2
California,Sacramento,2,2014,4.1
California,Sacramento,3,2014,3.8
California,Sacramento,4,2014,6.9
California,Sacramento,5,2014,9.1
California,Sacramento,6,2014,12.1
California,Sacramento,7,2014,13.7
California,Sacramento,8,2014,11.4
California,Sacramento,9,2014,11.5
California,Sacramento,10,2014,10.1
California,Sacramento,11,2014,6.3
California,Sacramento,12,2014,2.1
Indiana,Indianapolis,1,2014,3.5
Indiana,Indianapolis,2,2014,4.2
Indiana,Indianapolis,3,2014,3.5
Indiana,Indianapolis,6,2014,11.8
Indiana,Indianapolis,7,2014,13.5
Indiana,Indianapolis,8,2014,11.7
Indiana,Indianapolis,9,2014,11.4
Indiana,Indianapolis,10,2014,9.9
Indiana,Indianapolis,11,2014,5.7
Indiana,Indianapolis,12,2014,2.4
New york,Albany,1,2014,3
New york,Albany,2,2014,3.5
New york,Albany,3,2014,4.2
New york,Albany,4,2014,6.7
New york,Albany,5,2014,8.5
New york,Albany,6,2014,11.4
New york,Albany,7,2014,13.3
New york,Albany,8,2014,11.5
New york,Albany,9,2014,10.9
New york,Albany,10,2014,9
New york,Albany,11,2014,6
New york,Albany,12,2014,3.3
Hawaii,Honolulu,1,2015,1.3
Hawaii,Honolulu,2,2015,1.2
Hawaii,Honolulu,3,2015,3.1
Hawaii,Honolulu,4,2015,4.1
Hawaii,Honolulu,5,2015,7.5
Hawaii,Honolulu,6,2015,9.5
Hawaii,Honolulu,7,2015,12.3
Hawaii,Honolulu,8,2015,12.7
Hawaii,Honolulu,9,2015,8.6
Hawaii,Honolulu,10,2015,7.8
Hawaii,Honolulu,11,2015,6.7
Hawaii,Honolulu,12,2015,7.6
California,Sacramento,1,2015,2.2
California,Sacramento,2,2015,1.3
California,Sacramento,3,2015,3.5
California,Sacramento,4,2015,6
California,Sacramento,5,2015,7.9
California,Sacramento,6,2015,10.8
California,Sacramento,7,2015,12.4
California,Sacramento,8,2015,12.3
California,Sacramento,9,2015,9.1
California,Sacramento,10,2015,8.2
California,Sacramento,11,2015,7.7
California,Sacramento,12,2015,8.7
Indiana,Indianapolis,1,2015,1.6
Indiana,Indianapolis,2,2015,1
Indiana,Indianapolis,3,2015,3.3
Indiana,Indianapolis,4,2015,4.5
Indiana,Indianapolis,5,2015,7.7
Indiana,Indianapolis,6,2015,10.2
Indiana,Indianapolis,7,2015,12.5
Indiana,Indianapolis,8,2015,13
Indiana,Indianapolis,9,2015,8.9
Indiana,Indianapolis,10,2015,7.9
Indiana,Indianapolis,11,2015,7.3
Indiana,Indianapolis,12,2015,8.3
New york,Albany,1,2015,2.2
New york,Albany,2,2015,2
New york,Albany,3,2015,3.2
New york,Albany,4,2015,5
New york,Albany,5,2015,7.7
New york,Albany,6,2015,10
New york,Albany,7,2015,12
New york,Albany,8,2015,12.5
New york,Albany,9,2015,8.7
New york,Albany,10,2015,7.7
New york,Albany,11,2015,6.5
New york,Albany,12,2015,6.2
Hawaii,Honolulu,1,2016,2.6
Hawaii,Honolulu,2,2016,1.9
Hawaii,Honolulu,3,2016,1.9
Hawaii,Honolulu,4,2016,3.6
Hawaii,Honolulu,5,2016,7.8
Hawaii,Honolulu,6,2016,11.4
Hawaii,Honolulu,7,2016,13.1
Hawaii,Honolulu,8,2016,12.7
Hawaii,Honolulu,9,2016,12.6
Hawaii,Honolulu,10,2016,7.2
Hawaii,Honolulu,11,2016,2.4
Hawaii,Honolulu,12,2016,2.4
California,Sacramento,1,2016,2.9
California,Sacramento,2,2016,2.2
California,Sacramento,3,2016,2.5
California,Sacramento,4,2016,4.7
California,Sacramento,5,2016,9
California,Sacramento,6,2016,12.7
California,Sacramento,7,2016,13.4
California,Sacramento,8,2016,13.2
California,Sacramento,9,2016,13
California,Sacramento,10,2016,7.8
California,Sacramento,11,2016,3.5
California,Sacramento,12,2016,3
Indiana,Indianapolis,1,2016,3
Indiana,Indianapolis,2,2016,2.7
Indiana,Indianapolis,3,2016,2.2
Indiana,Indianapolis,4,2016,4
Indiana,Indianapolis,5,2016,8.7
Indiana,Indianapolis,6,2016,11.9
Indiana,Indianapolis,7,2016,13.8
Indiana,Indianapolis,8,2016,13.6
Indiana,Indianapolis,9,2016,13
Indiana,Indianapolis,10,2016,7.3
Indiana,Indianapolis,11,2016,3.3
Indiana,Indianapolis,12,2016,3
New york,Albany,1,2016,3
New york,Albany,2,2016,2
New york,Albany,3,2016,2.9
New york,Albany,4,2016,3.8
New york,Albany,5,2016,7.9
New york,Albany,6,2016,11.1
New york,Albany,7,2016,13.5
New york,Albany,8,2016,13.2
New york,Albany,9,2016,12.5
New york,Albany,10,2016,8.1
New york,Albany,11,2016,3.7
New york,Albany,12,2016,4.1
Hawaii,Honolulu,1,2017,0.5
Hawaii,Honolulu,2,2017,3.8
Hawaii,Honolulu,3,2017,5.2
Hawaii,Honolulu,4,2017,4.8
Hawaii,Honolulu,5,2017,8.8
Hawaii,Honolulu,6,2017,12.6
Hawaii,Honolulu,7,2017,13.2
Hawaii,Honolulu,8,2017,11.9
Hawaii,Honolulu,9,2017,9.8
Hawaii,Honolulu,10,2017,9.1
Hawaii,Honolulu,11,2017,3.6
Hawaii,Honolulu,12,2017,1.9
California,Sacramento,1,2017,2
California,Sacramento,2,2017,4.2
California,Sacramento,3,2017,5.7
California,Sacramento,4,2017,4.9
California,Sacramento,5,2017,9.9
California,Sacramento,6,2017,12.6
California,Sacramento,7,2017,13.1
California,Sacramento,8,2017,12.2
California,Sacramento,9,2017,10.2
California,Sacramento,10,2017,10.1
California,Sacramento,11,2017,3.5
California,Sacramento,12,2017,2.8
Indiana,Indianapolis,1,2017,0.8
Indiana,Indianapolis,2,2017,4
Indiana,Indianapolis,3,2017,5.8
Indiana,Indianapolis,4,2017,4.7
Indiana,Indianapolis,5,2017,9.4
Indiana,Indianapolis,6,2017,12.9
Indiana,Indianapolis,7,2017,13.9
Indiana,Indianapolis,8,2017,12.6
Indiana,Indianapolis,9,2017,10.4
Indiana,Indianapolis,11,2017,3.8
Indiana,Indianapolis,12,2017,2.6
New york,Albany,1,2017,2.2
New york,Albany,2,2017,3.5
New york,Albany,3,2017,5.5
New york,Albany,4,2017,5.6
New york,Albany,5,2017,9
New york,Albany,6,2017,12.6
New york,Albany,7,2017,12.6
New york,Albany,8,2017,12.1
New york,Albany,9,2017,10.3
New york,Albany,10,2017,10
New york,Albany,11,2017,4.7
New york,Albany,12,2017,2.8
Hawaii,Honolulu,1,2018,2.4
Hawaii,Honolulu,2,2018,-0.3
Hawaii,Honolulu,3,2018,1.9
Hawaii,Honolulu,4,2018,6.6
Hawaii,Honolulu,5,2018,7.6
Hawaii,Honolulu,6,2018,10.7
Hawaii,Honolulu,7,2018,13.6
Hawaii,Honolulu,8,2018,13.1
Hawaii,Honolulu,9,2018,9.5
Hawaii,Honolulu,10,2018,7.1
Hawaii,Honolulu,11,2018,5.2
Hawaii,Honolulu,12,2018,4.2
California,Sacramento,1,2018,2.7
California,Sacramento,2,2018,0.8
California,Sacramento,3,2018,2.5
California,Sacramento,4,2018,7.2
California,Sacramento,5,2018,8.8
California,Sacramento,6,2018,12.7
California,Sacramento,7,2018,14.7
California,Sacramento,8,2018,13.1
California,Sacramento,9,2018,10.1
California,Sacramento,10,2018,6.9
California,Sacramento,11,2018,5.9
California,Sacramento,12,2018,5.5
Indiana,Indianapolis,1,2018,3
Indiana,Indianapolis,2,2018,0.3
Indiana,Indianapolis,3,2018,2.5
Indiana,Indianapolis,4,2018,7.5
Indiana,Indianapolis,5,2018,8.6
Indiana,Indianapolis,6,2018,11.6
Indiana,Indianapolis,7,2018,14.2
Indiana,Indianapolis,9,2018,10
Indiana,Indianapolis,10,2018,7.3
Indiana,Indianapolis,11,2018,5.5
Indiana,Indianapolis,12,2018,4.7
New york,Albany,1,2018,3
New york,Albany,2,2018,0.6
New york,Albany,3,2018,1.7
New york,Albany,4,2018,6
New york,Albany,5,2018,8.7
New york,Albany,6,2018,11.7
New york,Albany,7,2018,13.9
New york,Albany,8,2018,13.3
New york,Albany,9,2018,10.2
New york,Albany,10,2018,7.5
New york,Albany,11,2018,5.7
New york,Albany,12,2018,4.4
Hawaii,Honolulu,1,2019,1
Hawaii,Honolulu,2,2019,1.7
Hawaii,Honolulu,3,2019,4.5
Hawaii,Honolulu,4,2019,2.8
Hawaii,Honolulu,5,2019,6.6
Hawaii,Honolulu,6,2019,10.8
Hawaii,Honolulu,7,2019,13.4
Hawaii,Honolulu,8,2019,12.7
Hawaii,Honolulu,9,2019,10.2
Hawaii,Honolulu,10,2019,6.9
Hawaii,Honolulu,11,2019,3.6
Hawaii,Honolulu,12,2019,3
California,Sacramento,1,2019,1.8
California,Sacramento,2,2019,2.4
California,Sacramento,3,2019,5.2
California,Sacramento,4,2019,6.3
California,Sacramento,5,2019,7.2
California,Sacramento,6,2019,11.5
California,Sacramento,7,2019,13.9
California,Sacramento,8,2019,13.7
California,Sacramento,9,2019,11.3
California,Sacramento,10,2019,7.5
California,Sacramento,11,2019,4.7
Indiana,Indianapolis,4,2019,4.3
Indiana,Indianapolis,8,2019,13.2
Indiana,Indianapolis,9,2019,10.4
Indiana,Indianapolis,10,2019,7.5
Indiana,Indianapolis,11,2019,4.3
New york,Albany,1,2019,2.8
New york,Albany,2,2019,3.2
New york,Albany,3,2019,4.7
New york,Albany,4,2019,4.4
New york,Albany,5,2019,7.8
New york,Albany,6,2019,10.5
New york,Albany,7,2019,14.1
New york,Albany,8,2019,13.7
New york,Albany,9,2019,10.5
New york,Albany,10,2019,6.7
New york,Albany,11,2019,3.9
New york,Albany,12,2019,3.5
Hawaii,Honolulu,1,2020,3.9
Hawaii,Honolulu,2,2020,3.2
Hawaii,Honolulu,3,2020,2.5
Hawaii,Honolulu,4,2020,4.6
Hawaii,Honolulu,5,2020,6.7
Hawaii,Honolulu,6,2020,10.6
California,Sacramento,2,2020,4.3
California,Sacramento,3,2020,3.9
California,Sacramento,4,2020,6.6
California,Sacramento,5,2020,8.2
California,Sacramento,6,2020,11.9
Indiana,Indianapolis,3,2020,3
Indiana,Indianapolis,4,2020,5.5
New york,Albany,1,2020,4.2
New york,Albany,2,2020,3
New york,Albany,3,2020,2.8
New york,Albany,4,2020,5.7
New york,Albany,5,2020,7.7
New york,Albany,6,2020,11
